"../../../Engine/Content/EngineMaterials/T_Default_Material_Grid_N.uasset" 0
"../../../Engine/Content/EngineMaterials/T_Default_Material_Grid_N.uexp" 1
"../../../Engine/Content/EngineMaterials/T_Default_Material_Grid_N.ubulk" 2
"../../../Engine/Content/EngineMaterials/T_Default_Material_Grid_M.uasset" 3
"../../../Engine/Content/EngineMaterials/T_Default_Material_Grid_M.uexp" 4
"../../../Engine/Content/EngineMaterials/T_Default_Material_Grid_M.ubulk" 5
"../../../Engine/Content/Functions/Engine_MaterialFunctions01/Opacity/CameraDepthFade.uasset" 6
"../../../Engine/Content/Functions/Engine_MaterialFunctions01/Opacity/CameraDepthFade.uexp" 7
"../../../Engine/Content/EngineMaterials/WorldGridMaterial.uasset" 8
"../../../Engine/Content/EngineMaterials/WorldGridMaterial.uexp" 9
"../../../Engine/Content/ArtTools/RenderToTexture/Meshes/S_1_Unit_Plane.uasset" 10
"../../../Engine/Content/ArtTools/RenderToTexture/Meshes/S_1_Unit_Plane.uexp" 11
"../../../Engine/Content/EngineMaterials/DefaultMaterial.uasset" 12
"../../../Engine/Content/EngineMaterials/DefaultMaterial.uexp" 13
"../../../Engine/Content/BasicShapes/Cone.uasset" 14
"../../../Engine/Content/BasicShapes/Cone.uexp" 15
"../../../Engine/Content/BasicShapes/Cube.uasset" 16
"../../../Engine/Content/BasicShapes/Cube.uexp" 17
"../../../Engine/Content/BasicShapes/Plane.uasset" 18
"../../../Engine/Content/BasicShapes/Plane.uexp" 19
"../../../Engine/Content/BasicShapes/Sphere.uasset" 20
"../../../Engine/Content/BasicShapes/Sphere.uexp" 21
"../../../Engine/Content/EngineMaterials/DefaultPhysicalMaterial.uasset" 22
"../../../Engine/Content/EngineMaterials/DefaultPhysicalMaterial.uexp" 23
"../../../Engine/Content/BufferVisualization/AmbientOcclusion.uasset" 24
"../../../Engine/Content/BufferVisualization/AmbientOcclusion.uexp" 25
"../../../Engine/Content/Functions/Engine_MaterialFunctions02/Utility/AppendMany.uasset" 26
"../../../Engine/Content/Functions/Engine_MaterialFunctions02/Utility/AppendMany.uexp" 27
"../../../Engine/Content/BufferVisualization/Anisotropy.uasset" 28
"../../../Engine/Content/BufferVisualization/Anisotropy.uexp" 29
"../../../Engine/Content/BufferVisualization/BaseColor.uasset" 30
"../../../Engine/Content/BufferVisualization/BaseColor.uexp" 31
"../../../Engine/Content/BufferVisualization/CustomDepth.uasset" 32
"../../../Engine/Content/BufferVisualization/CustomDepth.uexp" 33
"../../../Engine/Content/Functions/Engine_MaterialFunctions02/Utility/VectorLength.uasset" 34
"../../../Engine/Content/Functions/Engine_MaterialFunctions02/Utility/VectorLength.uexp" 35
"../../../Engine/Content/BufferVisualization/CustomDepthWorldUnits.uasset" 36
"../../../Engine/Content/BufferVisualization/CustomDepthWorldUnits.uexp" 37
"../../../Engine/Content/EngineMaterials/MiniFont.uasset" 38
"../../../Engine/Content/EngineMaterials/MiniFont.uexp" 39
"../../../Engine/Content/Functions/Engine_MaterialFunctions02/Utility/MakeFloat3.uasset" 40
"../../../Engine/Content/Functions/Engine_MaterialFunctions02/Utility/MakeFloat3.uexp" 41
"../../../Engine/Content/Functions/Engine_MaterialFunctions02/Utility/MakeFloat2.uasset" 42
"../../../Engine/Content/Functions/Engine_MaterialFunctions02/Utility/MakeFloat2.uexp" 43
"../../../Engine/Content/Functions/Engine_MaterialFunctions02/ScreenResolution.uasset" 44
"../../../Engine/Content/Functions/Engine_MaterialFunctions02/ScreenResolution.uexp" 45
"../../../Engine/Content/Functions/Engine_MaterialFunctions02/Utility/BreakOutFloat2Components.uasset" 46
"../../../Engine/Content/Functions/Engine_MaterialFunctions02/Utility/BreakOutFloat2Components.uexp" 47
"../../../Engine/Content/Functions/Engine_MaterialFunctions01/Texturing/ScaleUVsByCenter.uasset" 48
"../../../Engine/Content/Functions/Engine_MaterialFunctions01/Texturing/ScaleUVsByCenter.uexp" 49
"../../../Engine/Content/Functions/Engine_MaterialFunctions02/Texturing/ScreenAlignedUVs.uasset" 50
"../../../Engine/Content/Functions/Engine_MaterialFunctions02/Texturing/ScreenAlignedUVs.uexp" 51
"../../../Engine/Content/BufferVisualization/CustomStencil.uasset" 52
"../../../Engine/Content/BufferVisualization/CustomStencil.uexp" 53
"../../../Engine/Content/BufferVisualization/FinalImage.uasset" 54
"../../../Engine/Content/BufferVisualization/FinalImage.uexp" 55
"../../../Engine/Content/BufferVisualization/LightingModel.uasset" 56
"../../../Engine/Content/BufferVisualization/LightingModel.uexp" 57
"../../../Engine/Content/BufferVisualization/MaterialAO.uasset" 58
"../../../Engine/Content/BufferVisualization/MaterialAO.uexp" 59
"../../../Engine/Content/BufferVisualization/Metallic.uasset" 60
"../../../Engine/Content/BufferVisualization/Metallic.uexp" 61
"../../../Engine/Content/BufferVisualization/Opacity.uasset" 62
"../../../Engine/Content/BufferVisualization/Opacity.uexp" 63
"../../../Engine/Content/BufferVisualization/PostTonemapHDRColor.uasset" 64
"../../../Engine/Content/BufferVisualization/PostTonemapHDRColor.uexp" 65
"../../../Engine/Content/BufferVisualization/PreTonemapHDRColor.uasset" 66
"../../../Engine/Content/BufferVisualization/PreTonemapHDRColor.uexp" 67
"../../../Engine/Content/BufferVisualization/Roughness.uasset" 68
"../../../Engine/Content/BufferVisualization/Roughness.uexp" 69
"../../../Engine/Content/BufferVisualization/SceneColor.uasset" 70
"../../../Engine/Content/BufferVisualization/SceneColor.uexp" 71
"../../../Engine/Content/BufferVisualization/SceneDepth.uasset" 72
"../../../Engine/Content/BufferVisualization/SceneDepth.uexp" 73
"../../../Engine/Content/BufferVisualization/SceneDepthWorldUnits.uasset" 74
"../../../Engine/Content/BufferVisualization/SceneDepthWorldUnits.uexp" 75
"../../../Engine/Content/BufferVisualization/SeparateTranslucencyA.uasset" 76
"../../../Engine/Content/BufferVisualization/SeparateTranslucencyA.uexp" 77
"../../../Engine/Content/BufferVisualization/SeparateTranslucencyRGB.uasset" 78
"../../../Engine/Content/BufferVisualization/SeparateTranslucencyRGB.uexp" 79
"../../../Engine/Content/BufferVisualization/Specular.uasset" 80
"../../../Engine/Content/BufferVisualization/Specular.uexp" 81
"../../../Engine/Content/BufferVisualization/SubsurfaceColor.uasset" 82
"../../../Engine/Content/BufferVisualization/SubsurfaceColor.uexp" 83
"../../../Engine/Content/BufferVisualization/Velocity.uasset" 84
"../../../Engine/Content/BufferVisualization/Velocity.uexp" 85
"../../../Engine/Content/BufferVisualization/WorldNormal.uasset" 86
"../../../Engine/Content/BufferVisualization/WorldNormal.uexp" 87
"../../../Engine/Content/BufferVisualization/WorldTangent.uasset" 88
"../../../Engine/Content/BufferVisualization/WorldTangent.uexp" 89
"../../../Engine/Content/EditorLandscapeResources/DataLayer.uasset" 90
"../../../Engine/Content/EditorLandscapeResources/DataLayer.uexp" 91
"../../../Engine/Content/EditorLandscapeResources/DefaultAlphaTexture.uasset" 92
"../../../Engine/Content/EditorLandscapeResources/DefaultAlphaTexture.uexp" 93
"../../../Engine/Content/EditorLandscapeResources/LandscapeGizmoHeight_Mat.uasset" 94
"../../../Engine/Content/EditorLandscapeResources/LandscapeGizmoHeight_Mat.uexp" 95
"../../../Engine/Content/EditorLandscapeResources/LandscapeGizmo_Mat.uasset" 96
"../../../Engine/Content/EditorLandscapeResources/LandscapeGizmo_Mat.uexp" 97
"../../../Engine/Content/EditorLandscapeResources/LandscapeGizmo_Mat_Copied.uasset" 98
"../../../Engine/Content/EditorLandscapeResources/LandscapeGizmo_Mat_Copied.uexp" 99
"../../../Engine/Content/EditorLandscapeResources/SplineEditorMeshMat.uasset" 100
"../../../Engine/Content/EditorLandscapeResources/SplineEditorMeshMat.uexp" 101
"../../../Engine/Content/EditorLandscapeResources/SplineEditorMesh.uasset" 102
"../../../Engine/Content/EditorLandscapeResources/SplineEditorMesh.uexp" 103
"../../../Engine/Content/EditorMaterials/Cross.uasset" 104
"../../../Engine/Content/EditorMaterials/Cross.uexp" 105
"../../../Engine/Content/EditorMaterials/Cross_Mat.uasset" 106
"../../../Engine/Content/EditorMaterials/Cross_Mat.uexp" 107
"../../../Engine/Content/EditorResources/T_EditorHelp.uasset" 108
"../../../Engine/Content/EditorResources/T_EditorHelp.uexp" 109
"../../../Engine/Content/EditorResources/T_EditorHelp.ubulk" 110
"../../../Engine/Content/Functions/Engine_MaterialFunctions02/Utility/Sign.uasset" 111
"../../../Engine/Content/Functions/Engine_MaterialFunctions02/Utility/Sign.uexp" 112
"../../../Engine/Content/Functions/Engine_MaterialFunctions02/Utility/Round.uasset" 113
"../../../Engine/Content/Functions/Engine_MaterialFunctions02/Utility/Round.uexp" 114
"../../../Engine/Content/Functions/Engine_MaterialFunctions02/ExampleContent/Textures/DebugNumberPeriod.uasset" 115
"../../../Engine/Content/Functions/Engine_MaterialFunctions02/ExampleContent/Textures/DebugNumberPeriod.uexp" 116
"../../../Engine/Content/Functions/Engine_MaterialFunctions02/ExampleContent/DebugNumberStrip.uasset" 117
"../../../Engine/Content/Functions/Engine_MaterialFunctions02/ExampleContent/DebugNumberStrip.uexp" 118
"../../../Engine/Content/EngineMaterials/DefaultDiffuse.uasset" 119
"../../../Engine/Content/EngineMaterials/DefaultDiffuse.uexp" 120
"../../../Engine/Content/EngineMaterials/DefaultDiffuse.ubulk" 121
"../../../Engine/Content/Functions/Engine_MaterialFunctions01/Texturing/TextureCropping.uasset" 122
"../../../Engine/Content/Functions/Engine_MaterialFunctions01/Texturing/TextureCropping.uexp" 123
"../../../Engine/Content/Functions/Engine_MaterialFunctions01/Texturing/ComputeMipLevel.uasset" 124
"../../../Engine/Content/Functions/Engine_MaterialFunctions01/Texturing/ComputeMipLevel.uexp" 125
"../../../Engine/Content/Functions/Engine_MaterialFunctions02/Utility/DebugScalarValues.uasset" 126
"../../../Engine/Content/Functions/Engine_MaterialFunctions02/Utility/DebugScalarValues.uexp" 127
"../../../Engine/Content/Functions/Engine_MaterialFunctions02/Utility/DebugFloat2Values.uasset" 128
"../../../Engine/Content/Functions/Engine_MaterialFunctions02/Utility/DebugFloat2Values.uexp" 129
"../../../Engine/Content/Functions/Engine_MaterialFunctions02/ExampleContent/Textures/flipbook.uasset" 130
"../../../Engine/Content/Functions/Engine_MaterialFunctions02/ExampleContent/Textures/flipbook.uexp" 131
"../../../Engine/Content/Functions/Engine_MaterialFunctions02/ExampleContent/Textures/flipbook.ubulk" 132
"../../../Engine/Content/Functions/Engine_MaterialFunctions02/Texturing/FlipBook.uasset" 133
"../../../Engine/Content/Functions/Engine_MaterialFunctions02/Texturing/FlipBook.uexp" 134
"../../../Engine/Content/EditorMaterials/HelpActorMaterial.uasset" 135
"../../../Engine/Content/EditorMaterials/HelpActorMaterial.uexp" 136
"../../../Engine/Content/Functions/Engine_MaterialFunctions03/Procedurals/ComputeFilterWidth.uasset" 137
"../../../Engine/Content/Functions/Engine_MaterialFunctions03/Procedurals/ComputeFilterWidth.uexp" 138
"../../../Engine/Content/EngineMaterials/BlendFunc_DefBlend.uasset" 139
"../../../Engine/Content/EngineMaterials/BlendFunc_DefBlend.uexp" 140
"../../../Engine/Content/EngineMaterials/BlendFunc_DefBase.uasset" 141
"../../../Engine/Content/EngineMaterials/BlendFunc_DefBase.uexp" 142
"../../../Engine/Content/Functions/Engine_MaterialFunctions03/Blends/Blend_Screen.uasset" 143
"../../../Engine/Content/Functions/Engine_MaterialFunctions03/Blends/Blend_Screen.uexp" 144
"../../../Engine/Content/EditorMaterials/TilingAALineIntegral.uasset" 145
"../../../Engine/Content/EditorMaterials/TilingAALineIntegral.uexp" 146
"../../../Engine/Content/EditorMaterials/TilingAALineBoxFiltered.uasset" 147
"../../../Engine/Content/EditorMaterials/TilingAALineBoxFiltered.uexp" 148
"../../../Engine/Content/EditorMaterials/TilingAAGrid.uasset" 149
"../../../Engine/Content/EditorMaterials/TilingAAGrid.uexp" 150
"../../../Engine/Content/EditorMaterials/TilingAADots.uasset" 151
"../../../Engine/Content/EditorMaterials/TilingAADots.uexp" 152
"../../../Engine/Content/EditorMaterials/CompositeARGBLayer.uasset" 153
"../../../Engine/Content/EditorMaterials/CompositeARGBLayer.uexp" 154
"../../../Engine/Content/EditorMaterials/LevelGridMaterial.uasset" 155
"../../../Engine/Content/EditorMaterials/LevelGridMaterial.uexp" 156
"../../../Engine/Content/EditorResources/LevelGrid1DStripes.uasset" 157
"../../../Engine/Content/EditorResources/LevelGrid1DStripes.uexp" 158
"../../../Engine/Content/EditorMaterials/TextureGridCascaded1D.uasset" 159
"../../../Engine/Content/EditorMaterials/TextureGridCascaded1D.uexp" 160
"../../../Engine/Content/EditorMaterials/TextureGridCascaded2D.uasset" 161
"../../../Engine/Content/EditorMaterials/TextureGridCascaded2D.uexp" 162
"../../../Engine/Content/EditorMaterials/MakeCompositeARGBLayer.uasset" 163
"../../../Engine/Content/EditorMaterials/MakeCompositeARGBLayer.uexp" 164
"../../../Engine/Content/EditorMaterials/LevelGridMaterial2.uasset" 165
"../../../Engine/Content/EditorMaterials/LevelGridMaterial2.uexp" 166
"../../../Engine/Content/EditorMaterials/MAT_Groups_Toggle.uasset" 167
"../../../Engine/Content/EditorMaterials/MAT_Groups_Toggle.uexp" 168
"../../../Engine/Content/EditorMaterials/MAT_Groups_Visibility.uasset" 169
"../../../Engine/Content/EditorMaterials/MAT_Groups_Visibility.uexp" 170
"../../../Engine/Content/EditorMaterials/PhAT_BoneSelectedMaterial.uasset" 171
"../../../Engine/Content/EditorMaterials/PhAT_BoneSelectedMaterial.uexp" 172
"../../../Engine/Content/EditorMaterials/PhAT_ElemSelectedMaterial.uasset" 173
"../../../Engine/Content/EditorMaterials/PhAT_ElemSelectedMaterial.uexp" 174
"../../../Engine/Content/EditorMaterials/PhAT_NoCollisionMaterial.uasset" 175
"../../../Engine/Content/EditorMaterials/PhAT_NoCollisionMaterial.uexp" 176
"../../../Engine/Content/EditorMaterials/PhAT_UnselectedMaterial.uasset" 177
"../../../Engine/Content/EditorMaterials/PhAT_UnselectedMaterial.uexp" 178
"../../../Engine/Content/EditorMaterials/PreviewShadowIndicator.uasset" 179
"../../../Engine/Content/EditorMaterials/PreviewShadowIndicator.uexp" 180
"../../../Engine/Content/EditorMaterials/PreviewShadowIndicator.ubulk" 181
"../../../Engine/Content/EditorMaterials/PreviewShadowIndicatorMaterial.uasset" 182
"../../../Engine/Content/EditorMaterials/PreviewShadowIndicatorMaterial.uexp" 183
"../../../Engine/Content/EditorMaterials/TargetIcon.uasset" 184
"../../../Engine/Content/EditorMaterials/TargetIcon.uexp" 185
"../../../Engine/Content/EditorMaterials/TargetIcon.ubulk" 186
"../../../Engine/Content/EditorMaterials/Tick.uasset" 187
"../../../Engine/Content/EditorMaterials/Tick.uexp" 188
"../../../Engine/Content/EditorMaterials/Tick_Mat.uasset" 189
"../../../Engine/Content/EditorMaterials/Tick_Mat.uexp" 190
"../../../Engine/Content/EditorMaterials/WidgetGridVertexColorMaterial.uasset" 191
"../../../Engine/Content/EditorMaterials/WidgetGridVertexColorMaterial.uexp" 192
"../../../Engine/Content/EditorMaterials/WidgetGridVertexColorMaterial.ubulk" 193
"../../../Engine/Content/EditorMaterials/WidgetGridVertexColorMaterial_Ma.uasset" 194
"../../../Engine/Content/EditorMaterials/WidgetGridVertexColorMaterial_Ma.uexp" 195
"../../../Engine/Content/EditorMaterials/WidgetMaterial.uasset" 196
"../../../Engine/Content/EditorMaterials/WidgetMaterial.uexp" 197
"../../../Engine/Content/EditorMaterials/WidgetMaterial_Current.uasset" 198
"../../../Engine/Content/EditorMaterials/WidgetMaterial_Current.uexp" 199
"../../../Engine/Content/EditorMaterials/WidgetMaterial_X.uasset" 200
"../../../Engine/Content/EditorMaterials/WidgetMaterial_X.uexp" 201
"../../../Engine/Content/EditorMaterials/WidgetMaterial_Y.uasset" 202
"../../../Engine/Content/EditorMaterials/WidgetMaterial_Y.uexp" 203
"../../../Engine/Content/EditorMaterials/WidgetMaterial_Z.uasset" 204
"../../../Engine/Content/EditorMaterials/WidgetMaterial_Z.uexp" 205
"../../../Engine/Content/EditorMaterials/WidgetVertexColorMaterial.uasset" 206
"../../../Engine/Content/EditorMaterials/WidgetVertexColorMaterial.uexp" 207
"../../../Engine/Content/EditorMaterials/MatineeGroups/MAT_ColorTrack.uasset" 208
"../../../Engine/Content/EditorMaterials/MatineeGroups/MAT_ColorTrack.uexp" 209
"../../../Engine/Content/EditorMaterials/MatineeGroups/MAT_Groups_Anim.uasset" 210
"../../../Engine/Content/EditorMaterials/MatineeGroups/MAT_Groups_Anim.uexp" 211
"../../../Engine/Content/EditorMaterials/MatineeGroups/MAT_Groups_AudioMaster.uasset" 212
"../../../Engine/Content/EditorMaterials/MatineeGroups/MAT_Groups_AudioMaster.uexp" 213
"../../../Engine/Content/EditorMaterials/MatineeGroups/MAT_Groups_Director.uasset" 214
"../../../Engine/Content/EditorMaterials/MatineeGroups/MAT_Groups_Director.uexp" 215
"../../../Engine/Content/EditorMaterials/MatineeGroups/MAT_Groups_Event.uasset" 216
"../../../Engine/Content/EditorMaterials/MatineeGroups/MAT_Groups_Event.uexp" 217
"../../../Engine/Content/EditorMaterials/MatineeGroups/MAT_Groups_Fade.uasset" 218
"../../../Engine/Content/EditorMaterials/MatineeGroups/MAT_Groups_Fade.uexp" 219
"../../../Engine/Content/EditorMaterials/MatineeGroups/MAT_Groups_Float.uasset" 220
"../../../Engine/Content/EditorMaterials/MatineeGroups/MAT_Groups_Float.uexp" 221
"../../../Engine/Content/EditorMaterials/MatineeGroups/MAT_Groups_Move.uasset" 222
"../../../Engine/Content/EditorMaterials/MatineeGroups/MAT_Groups_Move.uexp" 223
"../../../Engine/Content/EditorMaterials/MatineeGroups/MAT_Groups_Slomo.uasset" 224
"../../../Engine/Content/EditorMaterials/MatineeGroups/MAT_Groups_Slomo.uexp" 225
"../../../Engine/Content/EditorMaterials/MatineeGroups/MAT_Groups_Sound.uasset" 226
"../../../Engine/Content/EditorMaterials/MatineeGroups/MAT_Groups_Sound.uexp" 227
"../../../Engine/Content/EditorMaterials/MatineeGroups/MAT_Groups_Vector.uasset" 228
"../../../Engine/Content/EditorMaterials/MatineeGroups/MAT_Groups_Vector.uexp" 229
"../../../Engine/Content/EditorMaterials/ParticleSystems/PSysThumbnail_NoImage.uasset" 230
"../../../Engine/Content/EditorMaterials/ParticleSystems/PSysThumbnail_NoImage.uexp" 231
"../../../Engine/Content/EditorMaterials/ParticleSystems/PSysThumbnail_NoImage.ubulk" 232
"../../../Engine/Content/EditorMaterials/ParticleSystems/PSysThumbnail_OOD.uasset" 233
"../../../Engine/Content/EditorMaterials/ParticleSystems/PSysThumbnail_OOD.uexp" 234
"../../../Engine/Content/EditorMaterials/ParticleSystems/PSysThumbnail_OOD.ubulk" 235
"../../../Engine/Content/EngineMaterials/Grid.uasset" 236
"../../../Engine/Content/EngineMaterials/Grid.uexp" 237
"../../../Engine/Content/EngineMaterials/Grid.ubulk" 238
"../../../Engine/Content/EditorMaterials/Thumbnails/FloorPlaneMaterial.uasset" 239
"../../../Engine/Content/EditorMaterials/Thumbnails/FloorPlaneMaterial.uexp" 240
"../../../Engine/Content/EditorMeshes/EditorCube.uasset" 241
"../../../Engine/Content/EditorMeshes/EditorCube.uexp" 242
"../../../Engine/Content/EditorMeshes/EditorCylinder.uasset" 243
"../../../Engine/Content/EditorMeshes/EditorCylinder.uexp" 244
"../../../Engine/Content/EditorMeshes/EditorPlane.uasset" 245
"../../../Engine/Content/EditorMeshes/EditorPlane.uexp" 246
"../../../Engine/Content/EditorMaterials/Thumbnails/SkySphereMaterial.uasset" 247
"../../../Engine/Content/EditorMaterials/Thumbnails/SkySphereMaterial.uexp" 248
"../../../Engine/Content/EditorMeshes/EditorSkySphere.uasset" 249
"../../../Engine/Content/EditorMeshes/EditorSkySphere.uexp" 250
"../../../Engine/Content/EditorMeshes/EditorSphere.uasset" 251
"../../../Engine/Content/EditorMeshes/EditorSphere.uexp" 252
"../../../Engine/Content/EditorResources/MatineeCam_D.uasset" 253
"../../../Engine/Content/EditorResources/MatineeCam_D.uexp" 254
"../../../Engine/Content/EditorMaterials/MatineeCam_mat.uasset" 255
"../../../Engine/Content/EditorMaterials/MatineeCam_mat.uexp" 256
"../../../Engine/Content/EditorMeshes/MatineeCam_SM.uasset" 257
"../../../Engine/Content/EditorMeshes/MatineeCam_SM.uexp" 258
"../../../Engine/Content/EditorMeshes/PlanarReflectionPlane.uasset" 259
"../../../Engine/Content/EditorMeshes/PlanarReflectionPlane.uexp" 260
"../../../Engine/Content/EngineDebugMaterials/M_SimpleOpaque.uasset" 261
"../../../Engine/Content/EngineDebugMaterials/M_SimpleOpaque.uexp" 262
"../../../Engine/Content/EditorMaterials/Camera/MI_CineMat_CamViewFinder.uasset" 263
"../../../Engine/Content/EditorMaterials/Camera/MI_CineMat_CamViewFinder.uexp" 264
"../../../Engine/Content/EditorMaterials/Camera/CineMat.uasset" 265
"../../../Engine/Content/EditorMaterials/Camera/CineMat.uexp" 266
"../../../Engine/Content/EditorMaterials/Camera/MI_CineMat_CameraBody.uasset" 267
"../../../Engine/Content/EditorMaterials/Camera/MI_CineMat_CameraBody.uexp" 268
"../../../Engine/Content/EditorMeshes/Camera/SM_CineCam.uasset" 269
"../../../Engine/Content/EditorMeshes/Camera/SM_CineCam.uexp" 270
"../../../Engine/Content/EditorMaterials/Camera/MI_CineMat_Rig.uasset" 271
"../../../Engine/Content/EditorMaterials/Camera/MI_CineMat_Rig.uexp" 272
"../../../Engine/Content/EditorMeshes/Camera/SM_CraneRig_Arm.uasset" 273
"../../../Engine/Content/EditorMeshes/Camera/SM_CraneRig_Arm.uexp" 274
"../../../Engine/Content/EditorMeshes/Camera/SM_CraneRig_Base.uasset" 275
"../../../Engine/Content/EditorMeshes/Camera/SM_CraneRig_Base.uexp" 276
"../../../Engine/Content/EditorMeshes/Camera/SM_CraneRig_Body.uasset" 277
"../../../Engine/Content/EditorMeshes/Camera/SM_CraneRig_Body.uexp" 278
"../../../Engine/Content/EditorMeshes/Camera/SM_CraneRig_Mount.uasset" 279
"../../../Engine/Content/EditorMeshes/Camera/SM_CraneRig_Mount.uexp" 280
"../../../Engine/Content/EditorMeshes/Camera/SM_RailRig_Mount.uasset" 281
"../../../Engine/Content/EditorMeshes/Camera/SM_RailRig_Mount.uexp" 282
"../../../Engine/Content/EditorMeshes/Camera/SM_RailRig_Track.uasset" 283
"../../../Engine/Content/EditorMeshes/Camera/SM_RailRig_Track.uexp" 284
"../../../Engine/Content/EditorMeshes/ColorCalibrator/M_ChromeBall.uasset" 285
"../../../Engine/Content/EditorMeshes/ColorCalibrator/M_ChromeBall.uexp" 286
"../../../Engine/Content/EditorResources/Bad.uasset" 287
"../../../Engine/Content/EditorResources/Bad.uexp" 288
"../../../Engine/Content/EditorResources/Bad.ubulk" 289
"../../../Engine/Content/EditorResources/BSPVertex.uasset" 290
"../../../Engine/Content/EditorResources/BSPVertex.uexp" 291
"../../../Engine/Content/EditorResources/EmptyActor.uasset" 292
"../../../Engine/Content/EditorResources/EmptyActor.uexp" 293
"../../../Engine/Content/EditorResources/MatInstActSprite.uasset" 294
"../../../Engine/Content/EditorResources/MatInstActSprite.uexp" 295
"../../../Engine/Content/EditorResources/MatInstActSprite.ubulk" 296
"../../../Engine/Content/EditorResources/SceneManager.uasset" 297
"../../../Engine/Content/EditorResources/SceneManager.uexp" 298
"../../../Engine/Content/EditorResources/SceneManager.ubulk" 299
"../../../Engine/Content/EditorResources/SmallFont.uasset" 300
"../../../Engine/Content/EditorResources/SmallFont.uexp" 301
"../../../Engine/Content/EditorResources/S_Actor.uasset" 302
"../../../Engine/Content/EditorResources/S_Actor.uexp" 303
"../../../Engine/Content/EditorResources/S_Actor.ubulk" 304
"../../../Engine/Content/EditorResources/S_CameraShakeSource.uasset" 305
"../../../Engine/Content/EditorResources/S_CameraShakeSource.uexp" 306
"../../../Engine/Content/EditorResources/S_DecalActorIcon.uasset" 307
"../../../Engine/Content/EditorResources/S_DecalActorIcon.uexp" 308
"../../../Engine/Content/EditorResources/S_DecalActorIcon.ubulk" 309
"../../../Engine/Content/EditorResources/S_Emitter.uasset" 310
"../../../Engine/Content/EditorResources/S_Emitter.uexp" 311
"../../../Engine/Content/EditorResources/S_Emitter.ubulk" 312
"../../../Engine/Content/EditorResources/S_ExpoHeightFog.uasset" 313
"../../../Engine/Content/EditorResources/S_ExpoHeightFog.uexp" 314
"../../../Engine/Content/EditorResources/S_ExpoHeightFog.ubulk" 315
"../../../Engine/Content/EditorResources/S_FTest.uasset" 316
"../../../Engine/Content/EditorResources/S_FTest.uexp" 317
"../../../Engine/Content/EditorResources/S_KBSJoint.uasset" 318
"../../../Engine/Content/EditorResources/S_KBSJoint.uexp" 319
"../../../Engine/Content/EditorResources/S_KBSJoint.ubulk" 320
"../../../Engine/Content/EditorResources/S_KHinge.uasset" 321
"../../../Engine/Content/EditorResources/S_KHinge.uexp" 322
"../../../Engine/Content/EditorResources/S_KHinge.ubulk" 323
"../../../Engine/Content/EditorResources/S_KPrismatic.uasset" 324
"../../../Engine/Content/EditorResources/S_KPrismatic.uexp" 325
"../../../Engine/Content/EditorResources/S_KPrismatic.ubulk" 326
"../../../Engine/Content/EditorResources/S_LevelSequence.uasset" 327
"../../../Engine/Content/EditorResources/S_LevelSequence.uexp" 328
"../../../Engine/Content/EditorResources/S_LevelSequence.ubulk" 329
"../../../Engine/Content/EditorResources/S_NavP.uasset" 330
"../../../Engine/Content/EditorResources/S_NavP.uexp" 331
"../../../Engine/Content/EditorResources/S_NavP.ubulk" 332
"../../../Engine/Content/EditorResources/S_Note.uasset" 333
"../../../Engine/Content/EditorResources/S_Note.uexp" 334
"../../../Engine/Content/EditorResources/S_Note.ubulk" 335
"../../../Engine/Content/EditorResources/S_Player.uasset" 336
"../../../Engine/Content/EditorResources/S_Player.uexp" 337
"../../../Engine/Content/EditorResources/S_Player.ubulk" 338
"../../../Engine/Content/EditorResources/S_PortalActorIcon2.uasset" 339
"../../../Engine/Content/EditorResources/S_PortalActorIcon2.uexp" 340
"../../../Engine/Content/EditorResources/S_PortalActorIcon2.ubulk" 341
"../../../Engine/Content/EditorResources/S_RadForce.uasset" 342
"../../../Engine/Content/EditorResources/S_RadForce.uexp" 343
"../../../Engine/Content/EditorResources/S_RadForce.ubulk" 344
"../../../Engine/Content/EditorResources/S_ReflActorIcon.uasset" 345
"../../../Engine/Content/EditorResources/S_ReflActorIcon.uexp" 346
"../../../Engine/Content/EditorResources/S_ReflActorIcon.ubulk" 347
"../../../Engine/Content/EditorResources/S_SkyAtmosphere.uasset" 348
"../../../Engine/Content/EditorResources/S_SkyAtmosphere.uexp" 349
"../../../Engine/Content/EditorResources/S_SkyAtmosphere.ubulk" 350
"../../../Engine/Content/EditorResources/S_Solver.uasset" 351
"../../../Engine/Content/EditorResources/S_Solver.uexp" 352
"../../../Engine/Content/EditorResources/S_Solver.ubulk" 353
"../../../Engine/Content/EditorResources/S_Terrain.uasset" 354
"../../../Engine/Content/EditorResources/S_Terrain.uexp" 355
"../../../Engine/Content/EditorResources/S_Terrain.ubulk" 356
"../../../Engine/Content/EditorResources/S_TextRenderActorIcon.uasset" 357
"../../../Engine/Content/EditorResources/S_TextRenderActorIcon.uexp" 358
"../../../Engine/Content/EditorResources/S_TextRenderActorIcon.ubulk" 359
"../../../Engine/Content/EditorResources/S_Thruster.uasset" 360
"../../../Engine/Content/EditorResources/S_Thruster.uexp" 361
"../../../Engine/Content/EditorResources/S_Thruster.ubulk" 362
"../../../Engine/Content/EditorResources/S_Trigger.uasset" 363
"../../../Engine/Content/EditorResources/S_Trigger.uexp" 364
"../../../Engine/Content/EditorResources/S_Trigger.ubulk" 365
"../../../Engine/Content/EditorResources/S_VectorFieldVol.uasset" 366
"../../../Engine/Content/EditorResources/S_VectorFieldVol.uexp" 367
"../../../Engine/Content/EditorResources/S_VectorFieldVol.ubulk" 368
"../../../Engine/Content/EditorResources/S_VolumetricCloud.uasset" 369
"../../../Engine/Content/EditorResources/S_VolumetricCloud.uexp" 370
"../../../Engine/Content/EditorResources/S_VolumetricCloud.ubulk" 371
"../../../Engine/Content/EditorResources/S_WindDirectional.uasset" 372
"../../../Engine/Content/EditorResources/S_WindDirectional.uexp" 373
"../../../Engine/Content/EditorResources/S_WindDirectional.ubulk" 374
"../../../Engine/Content/EditorResources/AI/S_NavLink.uasset" 375
"../../../Engine/Content/EditorResources/AI/S_NavLink.uexp" 376
"../../../Engine/Content/EditorResources/LightIcons/SkyLight.uasset" 377
"../../../Engine/Content/EditorResources/LightIcons/SkyLight.uexp" 378
"../../../Engine/Content/EditorResources/LightIcons/S_LightDirectional.uasset" 379
"../../../Engine/Content/EditorResources/LightIcons/S_LightDirectional.uexp" 380
"../../../Engine/Content/EditorResources/LightIcons/S_LightDirectionalMove.uasset" 381
"../../../Engine/Content/EditorResources/LightIcons/S_LightDirectionalMove.uexp" 382
"../../../Engine/Content/EditorResources/LightIcons/S_LightError.uasset" 383
"../../../Engine/Content/EditorResources/LightIcons/S_LightError.uexp" 384
"../../../Engine/Content/EditorResources/LightIcons/S_LightPoint.uasset" 385
"../../../Engine/Content/EditorResources/LightIcons/S_LightPoint.uexp" 386
"../../../Engine/Content/EditorResources/LightIcons/S_LightPointMove.uasset" 387
"../../../Engine/Content/EditorResources/LightIcons/S_LightPointMove.uexp" 388
"../../../Engine/Content/EditorResources/LightIcons/S_LightSpot.uasset" 389
"../../../Engine/Content/EditorResources/LightIcons/S_LightSpot.uexp" 390
"../../../Engine/Content/EditorResources/LightIcons/S_LightSpotMove.uasset" 391
"../../../Engine/Content/EditorResources/LightIcons/S_LightSpotMove.uexp" 392
"../../../Engine/Content/EditorResources/SequenceRecorder/Countdown.uasset" 393
"../../../Engine/Content/EditorResources/SequenceRecorder/Countdown.uexp" 394
"../../../Engine/Content/EditorResources/SequenceRecorder/RecordingIndicator.uasset" 395
"../../../Engine/Content/EditorResources/SequenceRecorder/RecordingIndicator.uexp" 396
"../../../Engine/Content/EditorResources/Spline/T_Loft_Spline.uasset" 397
"../../../Engine/Content/EditorResources/Spline/T_Loft_Spline.uexp" 398
"../../../Engine/Content/EditorSounds/Notifications/CompileSuccess.uasset" 399
"../../../Engine/Content/EditorSounds/Notifications/CompileSuccess.uexp" 400
"../../../Engine/Content/EditorSounds/Notifications/CompileStart_Cue.uasset" 401
"../../../Engine/Content/EditorSounds/Notifications/CompileStart_Cue.uexp" 402
"../../../Engine/Content/EngineDamageTypes/DmgTypeBP_Environmental.uasset" 403
"../../../Engine/Content/EngineDamageTypes/DmgTypeBP_Environmental.uexp" 404
"../../../Engine/Content/EngineDebugMaterials/HeatmapGradient.uasset" 405
"../../../Engine/Content/EngineDebugMaterials/HeatmapGradient.uexp" 406
"../../../Engine/Content/EngineDebugMaterials/HeatmapGradient.ubulk" 407
"../../../Engine/Content/EngineDebugMaterials/BoneWeightMaterial.uasset" 408
"../../../Engine/Content/EngineDebugMaterials/BoneWeightMaterial.uexp" 409
"../../../Engine/Content/EngineDebugMaterials/ClothMaterial.uasset" 410
"../../../Engine/Content/EngineDebugMaterials/ClothMaterial.uexp" 411
"../../../Engine/Content/EngineDebugMaterials/ClothMaterial_WF.uasset" 412
"../../../Engine/Content/EngineDebugMaterials/ClothMaterial_WF.uexp" 413
"../../../Engine/Content/EngineDebugMaterials/DebugEditorMaterial.uasset" 414
"../../../Engine/Content/EngineDebugMaterials/DebugEditorMaterial.uexp" 415
"../../../Engine/Content/EngineDebugMaterials/DebugMeshMaterial.uasset" 416
"../../../Engine/Content/EngineDebugMaterials/DebugMeshMaterial.uexp" 417
"../../../Engine/Content/EngineDebugMaterials/GeomMaterial.uasset" 418
"../../../Engine/Content/EngineDebugMaterials/GeomMaterial.uexp" 419
"../../../Engine/Content/Functions/Engine_MaterialFunctions01/Shading/ConvertFromDiffSpec.uasset" 420
"../../../Engine/Content/Functions/Engine_MaterialFunctions01/Shading/ConvertFromDiffSpec.uexp" 421
"../../../Engine/Content/EngineDebugMaterials/LevelColorationLitMaterial.uasset" 422
"../../../Engine/Content/EngineDebugMaterials/LevelColorationLitMaterial.uexp" 423
"../../../Engine/Content/EngineDebugMaterials/LevelColorationUnlitMaterial.uasset" 424
"../../../Engine/Content/EngineDebugMaterials/LevelColorationUnlitMaterial.uexp" 425
"../../../Engine/Content/EngineMaterials/DefaultWhiteGrid.uasset" 426
"../../../Engine/Content/EngineMaterials/DefaultWhiteGrid.uexp" 427
"../../../Engine/Content/EngineMaterials/DefaultWhiteGrid.ubulk" 428
"../../../Engine/Content/EngineDebugMaterials/MAT_LevelColorationLitLightmapUV.uasset" 429
"../../../Engine/Content/EngineDebugMaterials/MAT_LevelColorationLitLightmapUV.uexp" 430
"../../../Engine/Content/EngineDebugMaterials/M_SimpleUnlitTranslucent.uasset" 431
"../../../Engine/Content/EngineDebugMaterials/M_SimpleUnlitTranslucent.uexp" 432
"../../../Engine/Content/EngineDebugMaterials/VolumeToRender.uasset" 433
"../../../Engine/Content/EngineDebugMaterials/VolumeToRender.uexp" 434
"../../../Engine/Content/Functions/Engine_MaterialFunctions02/Utility/CameraDirectionVector.uasset" 435
"../../../Engine/Content/Functions/Engine_MaterialFunctions02/Utility/CameraDirectionVector.uexp" 436
"../../../Engine/Content/EngineDebugMaterials/M_VolumeRenderSphereTracePP.uasset" 437
"../../../Engine/Content/EngineDebugMaterials/M_VolumeRenderSphereTracePP.uexp" 438
"../../../Engine/Content/EngineMaterials/DefaultWhiteGrid_Low.uasset" 439
"../../../Engine/Content/EngineMaterials/DefaultWhiteGrid_Low.uexp" 440
"../../../Engine/Content/EngineDebugMaterials/PhysicalMaterialMaskMaterial.uasset" 441
"../../../Engine/Content/EngineDebugMaterials/PhysicalMaterialMaskMaterial.uexp" 442
"../../../Engine/Content/EngineDebugMaterials/ShadedLevelColorationLitMaterial.uasset" 443
"../../../Engine/Content/EngineDebugMaterials/ShadedLevelColorationLitMaterial.uexp" 444
"../../../Engine/Content/EngineDebugMaterials/ShadedLevelColorationUnlitMateri.uasset" 445
"../../../Engine/Content/EngineDebugMaterials/ShadedLevelColorationUnlitMateri.uexp" 446
"../../../Engine/Content/EngineDebugMaterials/VertexColorMaterial.uasset" 447
"../../../Engine/Content/EngineDebugMaterials/VertexColorMaterial.uexp" 448
"../../../Engine/Content/EngineDebugMaterials/VertexColorViewMode_AlphaAsColor.uasset" 449
"../../../Engine/Content/EngineDebugMaterials/VertexColorViewMode_AlphaAsColor.uexp" 450
"../../../Engine/Content/EngineDebugMaterials/VertexColorViewMode_BlueOnly.uasset" 451
"../../../Engine/Content/EngineDebugMaterials/VertexColorViewMode_BlueOnly.uexp" 452
"../../../Engine/Content/EngineDebugMaterials/VertexColorViewMode_ColorOnly.uasset" 453
"../../../Engine/Content/EngineDebugMaterials/VertexColorViewMode_ColorOnly.uexp" 454
"../../../Engine/Content/EngineDebugMaterials/VertexColorViewMode_GreenOnly.uasset" 455
"../../../Engine/Content/EngineDebugMaterials/VertexColorViewMode_GreenOnly.uexp" 456
"../../../Engine/Content/EngineDebugMaterials/VertexColorViewMode_RedOnly.uasset" 457
"../../../Engine/Content/EngineDebugMaterials/VertexColorViewMode_RedOnly.uexp" 458
"../../../Engine/Content/EngineDebugMaterials/WireframeMaterial.uasset" 459
"../../../Engine/Content/EngineDebugMaterials/WireframeMaterial.uexp" 460
"../../../Engine/Content/EngineFonts/Faces/RobotoRegular.uasset" 461
"../../../Engine/Content/EngineFonts/Faces/RobotoRegular.uexp" 462
"../../../Engine/Content/EngineFonts/Faces/RobotoRegular.ufont" 463
"../../../Engine/Content/EngineFonts/Faces/RobotoLight.uasset" 464
"../../../Engine/Content/EngineFonts/Faces/RobotoLight.uexp" 465
"../../../Engine/Content/EngineFonts/Faces/RobotoLight.ufont" 466
"../../../Engine/Content/EngineFonts/Faces/RobotoItalic.uasset" 467
"../../../Engine/Content/EngineFonts/Faces/RobotoItalic.uexp" 468
"../../../Engine/Content/EngineFonts/Faces/RobotoItalic.ufont" 469
"../../../Engine/Content/EngineFonts/Faces/RobotoBoldItalic.uasset" 470
"../../../Engine/Content/EngineFonts/Faces/RobotoBoldItalic.uexp" 471
"../../../Engine/Content/EngineFonts/Faces/RobotoBoldItalic.ufont" 472
"../../../Engine/Content/EngineFonts/Faces/RobotoBold.uasset" 473
"../../../Engine/Content/EngineFonts/Faces/RobotoBold.uexp" 474
"../../../Engine/Content/EngineFonts/Faces/RobotoBold.ufont" 475
"../../../Engine/Content/EngineFonts/Faces/DroidSansFallback.uasset" 476
"../../../Engine/Content/EngineFonts/Faces/DroidSansFallback.uexp" 477
"../../../Engine/Content/EngineFonts/Faces/DroidSansFallback.ufont" 478
"../../../Engine/Content/EngineFonts/Roboto.uasset" 479
"../../../Engine/Content/EngineFonts/Roboto.uexp" 480
"../../../Engine/Content/EngineFonts/Faces/RobotoTiny.uasset" 481
"../../../Engine/Content/EngineFonts/Faces/RobotoTiny.uexp" 482
"../../../Engine/Content/EngineFonts/Faces/RobotoTiny.ufont" 483
"../../../Engine/Content/EngineFonts/RobotoTiny.uasset" 484
"../../../Engine/Content/EngineFonts/RobotoTiny.uexp" 485
"../../../Engine/Content/EngineFonts/SmallFont.uasset" 486
"../../../Engine/Content/EngineFonts/SmallFont.uexp" 487
"../../../Engine/Content/EngineFonts/TinyFont.uasset" 488
"../../../Engine/Content/EngineFonts/TinyFont.uexp" 489
"../../../Engine/Content/EngineMaterials/BaseFlattenNormalMap.uasset" 490
"../../../Engine/Content/EngineMaterials/BaseFlattenNormalMap.uexp" 491
"../../../Engine/Content/EngineMaterials/BaseFlattenGrayscaleMap.uasset" 492
"../../../Engine/Content/EngineMaterials/BaseFlattenGrayscaleMap.uexp" 493
"../../../Engine/Content/EngineMaterials/BaseFlattenEmissiveMap.uasset" 494
"../../../Engine/Content/EngineMaterials/BaseFlattenEmissiveMap.uexp" 495
"../../../Engine/Content/EngineMaterials/BaseFlattenDiffuseMap.uasset" 496
"../../../Engine/Content/EngineMaterials/BaseFlattenDiffuseMap.uexp" 497
"../../../Engine/Content/EngineMaterials/BaseFlattenMaterial.uasset" 498
"../../../Engine/Content/EngineMaterials/BaseFlattenMaterial.uexp" 499
"../../../Engine/Content/EngineResources/WhiteSquareTexture.uasset" 500
"../../../Engine/Content/EngineResources/WhiteSquareTexture.uexp" 501
"../../../Engine/Content/EngineMaterials/BlinkingCaret.uasset" 502
"../../../Engine/Content/EngineMaterials/BlinkingCaret.uexp" 503
"../../../Engine/Content/EngineMaterials/BlueNoise.uasset" 504
"../../../Engine/Content/EngineMaterials/BlueNoise.uexp" 505
"../../../Engine/Content/EngineMaterials/DefaultBloomKernel.uasset" 506
"../../../Engine/Content/EngineMaterials/DefaultBloomKernel.uexp" 507
"../../../Engine/Content/EngineMaterials/DefaultBokeh.uasset" 508
"../../../Engine/Content/EngineMaterials/DefaultBokeh.uexp" 509
"../../../Engine/Content/EngineMaterials/DefaultDeferredDecalMaterial.uasset" 510
"../../../Engine/Content/EngineMaterials/DefaultDeferredDecalMaterial.uexp" 511
"../../../Engine/Content/EngineMaterials/DefaultLightFunctionMaterial.uasset" 512
"../../../Engine/Content/EngineMaterials/DefaultLightFunctionMaterial.uexp" 513
"../../../Engine/Content/EngineMaterials/DefaultNormal.uasset" 514
"../../../Engine/Content/EngineMaterials/DefaultNormal.uexp" 515
"../../../Engine/Content/EngineMaterials/DefaultNormal.ubulk" 516
"../../../Engine/Content/EngineMaterials/DefaultPostProcessMaterial.uasset" 517
"../../../Engine/Content/EngineMaterials/DefaultPostProcessMaterial.uexp" 518
"../../../Engine/Content/EngineFonts/RobotoDistanceField.uasset" 519
"../../../Engine/Content/EngineFonts/RobotoDistanceField.uexp" 520
"../../../Engine/Content/EngineMaterials/DefaultTextMaterialOpaque.uasset" 521
"../../../Engine/Content/EngineMaterials/DefaultTextMaterialOpaque.uexp" 522
"../../../Engine/Content/EngineMaterials/EditorBrushMaterial.uasset" 523
"../../../Engine/Content/EngineMaterials/EditorBrushMaterial.uexp" 524
"../../../Engine/Content/EngineMaterials/EmissiveMeshMaterial.uasset" 525
"../../../Engine/Content/EngineMaterials/EmissiveMeshMaterial.uexp" 526
"../../../Engine/Content/EngineMaterials/GizmoMaterial.uasset" 527
"../../../Engine/Content/EngineMaterials/GizmoMaterial.uexp" 528
"../../../Engine/Content/EngineMaterials/Good64x64TilingNoiseHighFreq.uasset" 529
"../../../Engine/Content/EngineMaterials/Good64x64TilingNoiseHighFreq.uexp" 530
"../../../Engine/Content/EngineMaterials/Grid_N.uasset" 531
"../../../Engine/Content/EngineMaterials/Grid_N.uexp" 532
"../../../Engine/Content/EngineMaterials/Grid_N.ubulk" 533
"../../../Engine/Content/EngineMaterials/HighResolutionScreenshotMaskFunction.uasset" 534
"../../../Engine/Content/EngineMaterials/HighResolutionScreenshotMaskFunction.uexp" 535
"../../../Engine/Content/EngineMaterials/HighResScreenshot.uasset" 536
"../../../Engine/Content/EngineMaterials/HighResScreenshot.uexp" 537
"../../../Engine/Content/EngineMaterials/HighResScreenshotCaptureRegion.uasset" 538
"../../../Engine/Content/EngineMaterials/HighResScreenshotCaptureRegion.uexp" 539
"../../../Engine/Content/EngineMaterials/HighResScreenshotMask.uasset" 540
"../../../Engine/Content/EngineMaterials/HighResScreenshotMask.uexp" 541
"../../../Engine/Content/EngineMaterials/LandscapeHolePhysicalMaterial.uasset" 542
"../../../Engine/Content/EngineMaterials/LandscapeHolePhysicalMaterial.uexp" 543
"../../../Engine/Content/EngineMaterials/InvalidLightmapSettings.uasset" 544
"../../../Engine/Content/EngineMaterials/InvalidLightmapSettings.uexp" 545
"../../../Engine/Content/EngineMaterials/InvalidLightmapSettings.ubulk" 546
"../../../Engine/Content/EngineMaterials/M_InvalidLightmapSettings.uasset" 547
"../../../Engine/Content/EngineMaterials/M_InvalidLightmapSettings.uexp" 548
"../../../Engine/Content/EngineMaterials/PaperDiffuse.uasset" 549
"../../../Engine/Content/EngineMaterials/PaperDiffuse.uexp" 550
"../../../Engine/Content/EngineMaterials/PaperNormal.uasset" 551
"../../../Engine/Content/EngineMaterials/PaperNormal.uexp" 552
"../../../Engine/Content/Functions/Engine_MaterialFunctions02/WorldPositionOffset/CameraOffset.uasset" 553
"../../../Engine/Content/Functions/Engine_MaterialFunctions02/WorldPositionOffset/CameraOffset.uexp" 554
"../../../Engine/Content/EngineMaterials/PhAT_JointLimitMaterial.uasset" 555
"../../../Engine/Content/EngineMaterials/PhAT_JointLimitMaterial.uexp" 556
"../../../Engine/Content/EngineMaterials/PhysMat_Rubber.uasset" 557
"../../../Engine/Content/EngineMaterials/PhysMat_Rubber.uexp" 558
"../../../Engine/Content/EngineMaterials/DefaultCalibrationColor.uasset" 559
"../../../Engine/Content/EngineMaterials/DefaultCalibrationColor.uexp" 560
"../../../Engine/Content/EngineMaterials/PPM_DefaultCalibrationColor.uasset" 561
"../../../Engine/Content/EngineMaterials/PPM_DefaultCalibrationColor.uexp" 562
"../../../Engine/Content/EngineMaterials/DefaultCalibrationGrayscale.uasset" 563
"../../../Engine/Content/EngineMaterials/DefaultCalibrationGrayscale.uexp" 564
"../../../Engine/Content/EngineMaterials/PPM_DefaultCalibrationGrayscale.uasset" 565
"../../../Engine/Content/EngineMaterials/PPM_DefaultCalibrationGrayscale.uexp" 566
"../../../Engine/Content/EngineMaterials/PreintegratedSkinBRDF.uasset" 567
"../../../Engine/Content/EngineMaterials/PreintegratedSkinBRDF.uexp" 568
"../../../Engine/Content/EngineMaterials/RemoveSurfaceMaterial.uasset" 569
"../../../Engine/Content/EngineMaterials/RemoveSurfaceMaterial.uexp" 570
"../../../Engine/Content/EngineMaterials/WeightMapPlaceholderTexture.uasset" 571
"../../../Engine/Content/EngineMaterials/WeightMapPlaceholderTexture.uexp" 572
"../../../Engine/Content/Functions/Engine_MaterialFunctions01/ImageAdjustment/sRGBToLinear.uasset" 573
"../../../Engine/Content/Functions/Engine_MaterialFunctions01/ImageAdjustment/sRGBToLinear.uexp" 574
"../../../Engine/Content/Functions/Engine_MaterialFunctions02/Utility/BreakOutFloat3Components.uasset" 575
"../../../Engine/Content/Functions/Engine_MaterialFunctions02/Utility/BreakOutFloat3Components.uexp" 576
"../../../Engine/Content/EngineMaterials/Widget3DCameraPassThrough_Opaque_OneSided.uasset" 577
"../../../Engine/Content/EngineMaterials/Widget3DCameraPassThrough_Opaque_OneSided.uexp" 578
"../../../Engine/Content/EngineMaterials/Widget3DPassThrough.uasset" 579
"../../../Engine/Content/EngineMaterials/Widget3DPassThrough.uexp" 580
"../../../Engine/Content/EngineMaterials/Widget3DPassThrough_Masked.uasset" 581
"../../../Engine/Content/EngineMaterials/Widget3DPassThrough_Masked.uexp" 582
"../../../Engine/Content/EngineMaterials/Widget3DPassThrough_Opaque.uasset" 583
"../../../Engine/Content/EngineMaterials/Widget3DPassThrough_Opaque.uexp" 584
"../../../Engine/Content/EngineMaterials/Widget3DPassThrough_Masked_OneSided.uasset" 585
"../../../Engine/Content/EngineMaterials/Widget3DPassThrough_Masked_OneSided.uexp" 586
"../../../Engine/Content/EngineMaterials/Widget3DPassThrough_Opaque_OneSided.uasset" 587
"../../../Engine/Content/EngineMaterials/Widget3DPassThrough_Opaque_OneSided.uexp" 588
"../../../Engine/Content/EngineMaterials/Widget3DPassThrough_Translucent.uasset" 589
"../../../Engine/Content/EngineMaterials/Widget3DPassThrough_Translucent.uexp" 590
"../../../Engine/Content/EngineMaterials/Widget3DPassThrough_Translucent_OneSided.uasset" 591
"../../../Engine/Content/EngineMaterials/Widget3DPassThrough_Translucent_OneSided.uexp" 592
"../../../Engine/Content/EngineMeshes/Cylinder.uasset" 593
"../../../Engine/Content/EngineMeshes/Cylinder.uexp" 594
"../../../Engine/Content/EngineMeshes/Sphere.uasset" 595
"../../../Engine/Content/EngineMeshes/Sphere.uexp" 596
"../../../Engine/Content/EngineResources/DefaultTexture.uasset" 597
"../../../Engine/Content/EngineResources/DefaultTexture.uexp" 598
"../../../Engine/Content/EngineResources/DefaultTexture.ubulk" 599
"../../../Engine/Content/EngineResources/DefaultTextureCube.uasset" 600
"../../../Engine/Content/EngineResources/DefaultTextureCube.uexp" 601
"../../../Engine/Content/EngineResources/DefaultVolumeTexture2D.uasset" 602
"../../../Engine/Content/EngineResources/DefaultVolumeTexture2D.uexp" 603
"../../../Engine/Content/EngineResources/DefaultVolumeTexture.uasset" 604
"../../../Engine/Content/EngineResources/DefaultVolumeTexture.uexp" 605
"../../../Engine/Content/EngineResources/GradientTexture0.uasset" 606
"../../../Engine/Content/EngineResources/GradientTexture0.uexp" 607
"../../../Engine/Content/EngineResources/StreamingPauseIcon.uasset" 608
"../../../Engine/Content/EngineResources/StreamingPauseIcon.uexp" 609
"../../../Engine/Content/EngineResources/M_StreamingPause.uasset" 610
"../../../Engine/Content/EngineResources/M_StreamingPause.uexp" 611
"../../../Engine/Content/EngineSky/VolumetricClouds/T_NoiseShape64.uasset" 612
"../../../Engine/Content/EngineSky/VolumetricClouds/T_NoiseShape64.uexp" 613
"../../../Engine/Content/EngineSky/VolumetricClouds/T_NoiseShape64.ubulk" 614
"../../../Engine/Content/EngineSky/VolumetricClouds/T_VolumeNoiseShape64.uasset" 615
"../../../Engine/Content/EngineSky/VolumetricClouds/T_VolumeNoiseShape64.uexp" 616
"../../../Engine/Content/EngineSky/VolumetricClouds/T_NoiseErosion.uasset" 617
"../../../Engine/Content/EngineSky/VolumetricClouds/T_NoiseErosion.uexp" 618
"../../../Engine/Content/EngineSky/VolumetricClouds/T_NoiseErosion.ubulk" 619
"../../../Engine/Content/EngineSky/VolumetricClouds/T_VolumeNoiseErosion32.uasset" 620
"../../../Engine/Content/EngineSky/VolumetricClouds/T_VolumeNoiseErosion32.uexp" 621
"../../../Engine/Content/EngineSky/VolumetricClouds/CloudWeatherTexture.uasset" 622
"../../../Engine/Content/EngineSky/VolumetricClouds/CloudWeatherTexture.uexp" 623
"../../../Engine/Content/EngineSky/VolumetricClouds/CloudGradientTexture.uasset" 624
"../../../Engine/Content/EngineSky/VolumetricClouds/CloudGradientTexture.uexp" 625
"../../../Engine/Content/EngineSky/VolumetricClouds/m_SimpleVolumetricCloud.uasset" 626
"../../../Engine/Content/EngineSky/VolumetricClouds/m_SimpleVolumetricCloud.uexp" 627
"../../../Engine/Content/EngineSky/VolumetricClouds/m_SimpleVolumetricCloud_Inst.uasset" 628
"../../../Engine/Content/EngineSky/VolumetricClouds/m_SimpleVolumetricCloud_Inst.uexp" 629
"../../../Engine/Content/EngineSounds/Master.uasset" 630
"../../../Engine/Content/EngineSounds/Master.uexp" 631
"../../../Engine/Content/Functions/Engine_MaterialFunctions01/Shading/PowerToRoughness.uasset" 632
"../../../Engine/Content/Functions/Engine_MaterialFunctions01/Shading/PowerToRoughness.uexp" 633
"../../../Engine/Content/Maps/Templates/Thumbnails/Default.uasset" 634
"../../../Engine/Content/Maps/Templates/Thumbnails/Default.uexp" 635
"../../../Engine/Content/Maps/Templates/Thumbnails/TimeOfDay.uasset" 636
"../../../Engine/Content/Maps/Templates/Thumbnails/TimeOfDay.uexp" 637
"../../../Engine/Content/Maps/Templates/Thumbnails/VR-Basic.uasset" 638
"../../../Engine/Content/Maps/Templates/Thumbnails/VR-Basic.uexp" 639
"../../../Engine/Content/MapTemplates/Sky/DaylightAmbientCubemap.uasset" 640
"../../../Engine/Content/MapTemplates/Sky/DaylightAmbientCubemap.uexp" 641
"../../../Engine/Content/MobileResources/T_MobileControls_texture.uasset" 642
"../../../Engine/Content/MobileResources/T_MobileControls_texture.uexp" 643
"../../../Engine/Content/MobileResources/T_MobileMenu2.uasset" 644
"../../../Engine/Content/MobileResources/T_MobileMenu2.uexp" 645
"../../../Engine/Content/MobileResources/HUD/AnalogHat.uasset" 646
"../../../Engine/Content/MobileResources/HUD/AnalogHat.uexp" 647
"../../../Engine/Content/MobileResources/HUD/VirtualJoystick_Thumb.uasset" 648
"../../../Engine/Content/MobileResources/HUD/VirtualJoystick_Thumb.uexp" 649
"../../../Engine/Content/MobileResources/HUD/VirtualJoystick_Background.uasset" 650
"../../../Engine/Content/MobileResources/HUD/VirtualJoystick_Background.uexp" 651
"../../../Engine/Content/MobileResources/HUD/DefaultVirtualJoysticks.uasset" 652
"../../../Engine/Content/MobileResources/HUD/DefaultVirtualJoysticks.uexp" 653
"../../../Engine/Content/MobileResources/HUD/LeftVirtualJoystickOnly.uasset" 654
"../../../Engine/Content/MobileResources/HUD/LeftVirtualJoystickOnly.uexp" 655
"../../../Engine/Content/MobileResources/HUD/MobileHUDButton1_off.uasset" 656
"../../../Engine/Content/MobileResources/HUD/MobileHUDButton1_off.uexp" 657
"../../../Engine/Content/MobileResources/HUD/MobileHUDButton1_on.uasset" 658
"../../../Engine/Content/MobileResources/HUD/MobileHUDButton1_on.uexp" 659
"../../../Engine/Content/MobileResources/HUD/MobileHUDButton2_off.uasset" 660
"../../../Engine/Content/MobileResources/HUD/MobileHUDButton2_off.uexp" 661
"../../../Engine/Content/MobileResources/HUD/MobileHUDButton2_on.uasset" 662
"../../../Engine/Content/MobileResources/HUD/MobileHUDButton2_on.uexp" 663
"../../../Engine/Content/MobileResources/HUD/MobileHUDButton3.uasset" 664
"../../../Engine/Content/MobileResources/HUD/MobileHUDButton3.uexp" 665
"../../../Engine/Content/MobileResources/HUD/MobileHUDButtonFire.uasset" 666
"../../../Engine/Content/MobileResources/HUD/MobileHUDButtonFire.uexp" 667
"../../../Engine/Content/MobileResources/HUD/MobileHUDDirectionPad.uasset" 668
"../../../Engine/Content/MobileResources/HUD/MobileHUDDirectionPad.uexp" 669
"../../../Engine/Content/MobileResources/HUD/MobileHUDDirectionPad2.uasset" 670
"../../../Engine/Content/MobileResources/HUD/MobileHUDDirectionPad2.uexp" 671
"../../../Engine/Content/MobileResources/HUD/MobileHUDDirectionPad3.uasset" 672
"../../../Engine/Content/MobileResources/HUD/MobileHUDDirectionPad3.uexp" 673
"../../../Engine/Content/MobileResources/HUD/MobileHUDDirectionStick.uasset" 674
"../../../Engine/Content/MobileResources/HUD/MobileHUDDirectionStick.uexp" 675
"../../../Engine/Content/MobileResources/HUD/T_Castle_ThumbstickInner.uasset" 676
"../../../Engine/Content/MobileResources/HUD/T_Castle_ThumbstickInner.uexp" 677
"../../../Engine/Content/MobileResources/HUD/T_Castle_ThumbstickOutter.uasset" 678
"../../../Engine/Content/MobileResources/HUD/T_Castle_ThumbstickOutter.uexp" 679
"../../../Engine/Content/Tutorial/ContentIntroCurve.uasset" 680
"../../../Engine/Content/Tutorial/ContentIntroCurve.uexp" 681
"../../../Engine/Content/Tutorial/Basics/TutorialAssets/icon_tab_Levels_40x.uasset" 682
"../../../Engine/Content/Tutorial/Basics/TutorialAssets/icon_tab_Levels_40x.uexp" 683
"../../../Engine/Content/VREditor/TransformGizmo/TranslucentTransformGizmoMaterial.uasset" 684
"../../../Engine/Content/VREditor/TransformGizmo/TranslucentTransformGizmoMaterial.uexp" 685
"../../../Engine/Content/VREditor/LaserPointer/VR_LaserPower_01.uasset" 686
"../../../Engine/Content/VREditor/LaserPointer/VR_LaserPower_01.uexp" 687
"../../../Engine/Content/VREditor/LaserPointer/VR_LaserPower_01.ubulk" 688
"../../../Engine/Content/VREditor/TransformGizmo/TransformGizmoMaterial.uasset" 689
"../../../Engine/Content/VREditor/TransformGizmo/TransformGizmoMaterial.uexp" 690
"../../../Engine/Content/VREditor/TransformGizmo/BoundingBoxCorner.uasset" 691
"../../../Engine/Content/VREditor/TransformGizmo/BoundingBoxCorner.uexp" 692
"../../../Engine/Content/VREditor/TransformGizmo/BoundingBoxEdge.uasset" 693
"../../../Engine/Content/VREditor/TransformGizmo/BoundingBoxEdge.uexp" 694
"../../../Engine/Content/VREditor/TransformGizmo/PlaneTranslationHandle.uasset" 695
"../../../Engine/Content/VREditor/TransformGizmo/PlaneTranslationHandle.uexp" 696
"../../../Engine/Content/VREditor/TransformGizmo/Xray.uasset" 697
"../../../Engine/Content/VREditor/TransformGizmo/Xray.uexp" 698
"../../../Engine/Content/VREditor/TransformGizmo/Main.uasset" 699
"../../../Engine/Content/VREditor/TransformGizmo/Main.uexp" 700
"../../../Engine/Content/VREditor/TransformGizmo/SM_Sequencer_Key.uasset" 701
"../../../Engine/Content/VREditor/TransformGizmo/SM_Sequencer_Key.uexp" 702
"../../../Engine/Content/VREditor/TransformGizmo/SM_Sequencer_Node.uasset" 703
"../../../Engine/Content/VREditor/TransformGizmo/SM_Sequencer_Node.uexp" 704
"../../../Engine/Content/Functions/Engine_MaterialFunctions01/Density/ExponentialDensity.uasset" 705
"../../../Engine/Content/Functions/Engine_MaterialFunctions01/Density/ExponentialDensity.uexp" 706
"../../../Engine/Content/Functions/Engine_MaterialFunctions01/Gradient/RadialGradientExponential.uasset" 707
"../../../Engine/Content/Functions/Engine_MaterialFunctions01/Gradient/RadialGradientExponential.uexp" 708
"D:/Unreal Projects/TopDownShooter/Content/Blueprint/Character/M_Cursor_Decal.uasset" 709
"D:/Unreal Projects/TopDownShooter/Content/Blueprint/Character/M_Cursor_Decal.uexp" 710
"D:/Unreal Projects/TopDownShooter/Content/Blueprint/Character/Mannequin/Character/Mesh/SK_Mannequin_PhysicsAsset.uasset" 711
"D:/Unreal Projects/TopDownShooter/Content/Blueprint/Character/Mannequin/Character/Mesh/SK_Mannequin_PhysicsAsset.uexp" 712
"D:/Unreal Projects/TopDownShooter/Content/Blueprint/Character/Mannequin/Character/Textures/T_UE4Logo_N.uasset" 713
"D:/Unreal Projects/TopDownShooter/Content/Blueprint/Character/Mannequin/Character/Textures/T_UE4Logo_N.uexp" 714
"D:/Unreal Projects/TopDownShooter/Content/Blueprint/Character/Mannequin/Character/Textures/T_UE4Logo_N.ubulk" 715
"D:/Unreal Projects/TopDownShooter/Content/Blueprint/Character/Mannequin/Character/Textures/T_UE4Logo_Mask.uasset" 716
"D:/Unreal Projects/TopDownShooter/Content/Blueprint/Character/Mannequin/Character/Textures/T_UE4Logo_Mask.uexp" 717
"D:/Unreal Projects/TopDownShooter/Content/Blueprint/Character/Mannequin/Character/Textures/T_UE4Logo_Mask.ubulk" 718
"D:/Unreal Projects/TopDownShooter/Content/Blueprint/Character/Mannequin/Character/Textures/T_Male_N.uasset" 719
"D:/Unreal Projects/TopDownShooter/Content/Blueprint/Character/Mannequin/Character/Textures/T_Male_N.uexp" 720
"D:/Unreal Projects/TopDownShooter/Content/Blueprint/Character/Mannequin/Character/Textures/T_Male_N.ubulk" 721
"D:/Unreal Projects/TopDownShooter/Content/Blueprint/Character/Mannequin/Character/Textures/T_Male_Mask.uasset" 722
"D:/Unreal Projects/TopDownShooter/Content/Blueprint/Character/Mannequin/Character/Textures/T_Male_Mask.uexp" 723
"D:/Unreal Projects/TopDownShooter/Content/Blueprint/Character/Mannequin/Character/Textures/T_Male_Mask.ubulk" 724
"D:/Unreal Projects/TopDownShooter/Content/Blueprint/Character/Mannequin/Character/Materials/MaterialLayers/T_ML_Rubber_Blue_01_N.uasset" 725
"D:/Unreal Projects/TopDownShooter/Content/Blueprint/Character/Mannequin/Character/Materials/MaterialLayers/T_ML_Rubber_Blue_01_N.uexp" 726
"D:/Unreal Projects/TopDownShooter/Content/Blueprint/Character/Mannequin/Character/Materials/MaterialLayers/T_ML_Rubber_Blue_01_N.ubulk" 727
"D:/Unreal Projects/TopDownShooter/Content/Blueprint/Character/Mannequin/Character/Materials/MaterialLayers/T_ML_Rubber_Blue_01_D.uasset" 728
"D:/Unreal Projects/TopDownShooter/Content/Blueprint/Character/Mannequin/Character/Materials/MaterialLayers/T_ML_Rubber_Blue_01_D.uexp" 729
"D:/Unreal Projects/TopDownShooter/Content/Blueprint/Character/Mannequin/Character/Materials/MaterialLayers/T_ML_Rubber_Blue_01_D.ubulk" 730
"D:/Unreal Projects/TopDownShooter/Content/Blueprint/Character/Mannequin/Character/Materials/MaterialLayers/T_ML_Aluminum01_N.uasset" 731
"D:/Unreal Projects/TopDownShooter/Content/Blueprint/Character/Mannequin/Character/Materials/MaterialLayers/T_ML_Aluminum01_N.uexp" 732
"D:/Unreal Projects/TopDownShooter/Content/Blueprint/Character/Mannequin/Character/Materials/MaterialLayers/T_ML_Aluminum01_N.ubulk" 733
"D:/Unreal Projects/TopDownShooter/Content/Blueprint/Character/Mannequin/Character/Materials/MaterialLayers/T_ML_Aluminum01.uasset" 734
"D:/Unreal Projects/TopDownShooter/Content/Blueprint/Character/Mannequin/Character/Materials/MaterialLayers/T_ML_Aluminum01.uexp" 735
"D:/Unreal Projects/TopDownShooter/Content/Blueprint/Character/Mannequin/Character/Materials/MaterialLayers/T_ML_Aluminum01.ubulk" 736
"D:/Unreal Projects/TopDownShooter/Content/Blueprint/Character/Mannequin/Character/Materials/MaterialLayers/ML_SoftMetal_UE4.uasset" 737
"D:/Unreal Projects/TopDownShooter/Content/Blueprint/Character/Mannequin/Character/Materials/MaterialLayers/ML_SoftMetal_UE4.uexp" 738
"D:/Unreal Projects/TopDownShooter/Content/Blueprint/Character/Mannequin/Character/Materials/MaterialLayers/ML_Plastic_Shiny_Beige_LOGO.uasset" 739
"D:/Unreal Projects/TopDownShooter/Content/Blueprint/Character/Mannequin/Character/Materials/MaterialLayers/ML_Plastic_Shiny_Beige_LOGO.uexp" 740
"D:/Unreal Projects/TopDownShooter/Content/Blueprint/Character/Mannequin/Character/Materials/MaterialLayers/ML_Plastic_Shiny_Beige.uasset" 741
"D:/Unreal Projects/TopDownShooter/Content/Blueprint/Character/Mannequin/Character/Materials/MaterialLayers/ML_Plastic_Shiny_Beige.uexp" 742
"D:/Unreal Projects/TopDownShooter/Content/Blueprint/Character/Mannequin/Character/Materials/MaterialLayers/ML_GlossyBlack_Latex_UE4.uasset" 743
"D:/Unreal Projects/TopDownShooter/Content/Blueprint/Character/Mannequin/Character/Materials/MaterialLayers/ML_GlossyBlack_Latex_UE4.uexp" 744
"../../../Engine/Content/Functions/MaterialLayerFunctions/MatLayerBlend_Simple.uasset" 745
"../../../Engine/Content/Functions/MaterialLayerFunctions/MatLayerBlend_Simple.uexp" 746
"../../../Engine/Content/Functions/Engine_MaterialFunctions02/Utility/BlendAngleCorrectedNormals.uasset" 747
"../../../Engine/Content/Functions/Engine_MaterialFunctions02/Utility/BlendAngleCorrectedNormals.uexp" 748
"../../../Engine/Content/Functions/MaterialLayerFunctions/MatLayerBlend_NormalBlend.uasset" 749
"../../../Engine/Content/Functions/MaterialLayerFunctions/MatLayerBlend_NormalBlend.uexp" 750
"D:/Unreal Projects/TopDownShooter/Content/Blueprint/Character/Mannequin/Character/Materials/M_Male_Body.uasset" 751
"D:/Unreal Projects/TopDownShooter/Content/Blueprint/Character/Mannequin/Character/Materials/M_Male_Body.uexp" 752
"D:/Unreal Projects/TopDownShooter/Content/Blueprint/Character/Mannequin/Character/Materials/M_UE4Man_ChestLogo.uasset" 753
"D:/Unreal Projects/TopDownShooter/Content/Blueprint/Character/Mannequin/Character/Materials/M_UE4Man_ChestLogo.uexp" 754
"D:/Unreal Projects/TopDownShooter/Content/Blueprint/Character/Mannequin/Character/Mesh/UE4_Mannequin_Skeleton.uasset" 755
"D:/Unreal Projects/TopDownShooter/Content/Blueprint/Character/Mannequin/Character/Mesh/UE4_Mannequin_Skeleton.uexp" 756
"D:/Unreal Projects/TopDownShooter/Content/Blueprint/Character/Mannequin/Character/Mesh/SK_Mannequin.uasset" 757
"D:/Unreal Projects/TopDownShooter/Content/Blueprint/Character/Mannequin/Character/Mesh/SK_Mannequin.uexp" 758
"../../../Engine/Content/Animation/DefaultAnimCurveCompressionSettings.uasset" 759
"../../../Engine/Content/Animation/DefaultAnimCurveCompressionSettings.uexp" 760
"../../../Engine/Content/Animation/DefaultAnimBoneCompressionSettings.uasset" 761
"../../../Engine/Content/Animation/DefaultAnimBoneCompressionSettings.uexp" 762
"D:/Unreal Projects/TopDownShooter/Content/Blueprint/Character/Mannequin/Animations/ThirdPersonWalk.uasset" 763
"D:/Unreal Projects/TopDownShooter/Content/Blueprint/Character/Mannequin/Animations/ThirdPersonWalk.uexp" 764
"D:/Unreal Projects/TopDownShooter/Content/Blueprint/Character/Mannequin/Animations/ThirdPersonRun.uasset" 765
"D:/Unreal Projects/TopDownShooter/Content/Blueprint/Character/Mannequin/Animations/ThirdPersonRun.uexp" 766
"D:/Unreal Projects/TopDownShooter/Content/Blueprint/Character/Mannequin/Animations/ThirdPersonIdle.uasset" 767
"D:/Unreal Projects/TopDownShooter/Content/Blueprint/Character/Mannequin/Animations/ThirdPersonIdle.uexp" 768
"D:/Unreal Projects/TopDownShooter/Content/Blueprint/Character/Mannequin/Animations/ThirdPerson_IdleRun_2D.uasset" 769
"D:/Unreal Projects/TopDownShooter/Content/Blueprint/Character/Mannequin/Animations/ThirdPerson_IdleRun_2D.uexp" 770
"D:/Unreal Projects/TopDownShooter/Content/Blueprint/Character/Mannequin/Animations/ThirdPerson_Jump.uasset" 771
"D:/Unreal Projects/TopDownShooter/Content/Blueprint/Character/Mannequin/Animations/ThirdPerson_Jump.uexp" 772
"D:/Unreal Projects/TopDownShooter/Content/Blueprint/Character/Mannequin/Animations/ThirdPersonJump_Start.uasset" 773
"D:/Unreal Projects/TopDownShooter/Content/Blueprint/Character/Mannequin/Animations/ThirdPersonJump_Start.uexp" 774
"D:/Unreal Projects/TopDownShooter/Content/Blueprint/Character/Mannequin/Animations/ThirdPersonJump_Loop.uasset" 775
"D:/Unreal Projects/TopDownShooter/Content/Blueprint/Character/Mannequin/Animations/ThirdPersonJump_Loop.uexp" 776
"../../../Engine/Content/EditorBlueprintResources/StandardMacros.uasset" 777
"../../../Engine/Content/EditorBlueprintResources/StandardMacros.uexp" 778
"D:/Unreal Projects/TopDownShooter/Content/Blueprint/Character/Mannequin/Animations/ThirdPerson_AnimBP.uasset" 779
"D:/Unreal Projects/TopDownShooter/Content/Blueprint/Character/Mannequin/Animations/ThirdPerson_AnimBP.uexp" 780
"D:/Unreal Projects/TopDownShooter/Content/Blueprint/Character/StaminaComponent.uasset" 781
"D:/Unreal Projects/TopDownShooter/Content/Blueprint/Character/StaminaComponent.uexp" 782
"D:/Unreal Projects/TopDownShooter/Content/Blueprint/Character/TopDownCharacter.uasset" 783
"D:/Unreal Projects/TopDownShooter/Content/Blueprint/Character/TopDownCharacter.uexp" 784
"../../../Engine/Plugins/2D/Paper2D/Content/PlaceholderTextures/DummySpriteTexture.uasset" 785
"../../../Engine/Plugins/2D/Paper2D/Content/PlaceholderTextures/DummySpriteTexture.uexp" 786
"../../../Engine/Plugins/2D/Paper2D/Content/PlaceholderTextures/DummySpriteTexture.ubulk" 787
"../../../Engine/Plugins/2D/Paper2D/Content/DummySprite.uasset" 788
"../../../Engine/Plugins/2D/Paper2D/Content/DummySprite.uexp" 789
"../../../Engine/Plugins/2D/Paper2D/Content/DefaultPaperTerrainMaterial.uasset" 790
"../../../Engine/Plugins/2D/Paper2D/Content/DefaultPaperTerrainMaterial.uexp" 791
"../../../Engine/Plugins/2D/Paper2D/Content/DefaultSpriteMaterial.uasset" 792
"../../../Engine/Plugins/2D/Paper2D/Content/DefaultSpriteMaterial.uexp" 793
"../../../Engine/Plugins/2D/Paper2D/Content/MaskedUnlitSpriteMaterial.uasset" 794
"../../../Engine/Plugins/2D/Paper2D/Content/MaskedUnlitSpriteMaterial.uexp" 795
"../../../Engine/Plugins/2D/Paper2D/Content/OpaqueUnlitSpriteMaterial.uasset" 796
"../../../Engine/Plugins/2D/Paper2D/Content/OpaqueUnlitSpriteMaterial.uexp" 797
"../../../Engine/Plugins/Editor/SpeedTreeImporter/Content/SpeedTree9/UnpackInteger3.uasset" 798
"../../../Engine/Plugins/Editor/SpeedTreeImporter/Content/SpeedTree9/UnpackInteger3.uexp" 799
"../../../Engine/Plugins/Editor/SpeedTreeImporter/Content/SpeedTree9/UnpackDirection.uasset" 800
"../../../Engine/Plugins/Editor/SpeedTreeImporter/Content/SpeedTree9/UnpackDirection.uexp" 801
"../../../Engine/Plugins/Editor/SpeedTreeImporter/Content/SpeedTree9/game_wind_noise.uasset" 802
"../../../Engine/Plugins/Editor/SpeedTreeImporter/Content/SpeedTree9/game_wind_noise.uexp" 803
"../../../Engine/Plugins/Editor/SpeedTreeImporter/Content/SpeedTree9/game_wind_noise.ubulk" 804
"../../../Engine/Content/Functions/Engine_MaterialFunctions02/SafeNormalize.uasset" 805
"../../../Engine/Content/Functions/Engine_MaterialFunctions02/SafeNormalize.uexp" 806
"../../../Engine/Plugins/Editor/SpeedTreeImporter/Content/SpeedTree9/SpeedTreeWindMotion.uasset" 807
"../../../Engine/Plugins/Editor/SpeedTreeImporter/Content/SpeedTree9/SpeedTreeWindMotion.uexp" 808
"../../../Engine/Plugins/Editor/SpeedTreeImporter/Content/SpeedTree9/SpeedTreeBranchMotion.uasset" 809
"../../../Engine/Plugins/Editor/SpeedTreeImporter/Content/SpeedTree9/SpeedTreeBranchMotion.uexp" 810
"../../../Engine/Content/Functions/Engine_MaterialFunctions02/ObjectLocalBounds.uasset" 811
"../../../Engine/Content/Functions/Engine_MaterialFunctions02/ObjectLocalBounds.uexp" 812
"../../../Engine/Content/Functions/Engine_MaterialFunctions02/UVs/BoundingBoxBased_0-1_UVW.uasset" 813
"../../../Engine/Content/Functions/Engine_MaterialFunctions02/UVs/BoundingBoxBased_0-1_UVW.uexp" 814
"../../../Engine/Content/Functions/Engine_MaterialFunctions02/WorldPositionOffset/ObjectScale.uasset" 815
"../../../Engine/Content/Functions/Engine_MaterialFunctions02/WorldPositionOffset/ObjectScale.uexp" 816
"../../../Engine/Plugins/Editor/SpeedTreeImporter/Content/SpeedTree9/SpeedTreeWind.uasset" 817
"../../../Engine/Plugins/Editor/SpeedTreeImporter/Content/SpeedTree9/SpeedTreeWind.uexp" 818
"../../../Engine/Plugins/Editor/SpeedTreeImporter/Content/SpeedTree9/SpeedTreeBillboard.uasset" 819
"../../../Engine/Plugins/Editor/SpeedTreeImporter/Content/SpeedTree9/SpeedTreeBillboard.uexp" 820
"../../../Engine/Plugins/Editor/SpeedTreeImporter/Content/SpeedTree9/EmptyNormal.uasset" 821
"../../../Engine/Plugins/Editor/SpeedTreeImporter/Content/SpeedTree9/EmptyNormal.uexp" 822
"../../../Engine/Plugins/Editor/SpeedTreeImporter/Content/SpeedTree9/Empty.uasset" 823
"../../../Engine/Plugins/Editor/SpeedTreeImporter/Content/SpeedTree9/Empty.uexp" 824
"../../../Engine/Plugins/Editor/SpeedTreeImporter/Content/SpeedTree9/SpeedTreeBillboardMaster.uasset" 825
"../../../Engine/Plugins/Editor/SpeedTreeImporter/Content/SpeedTree9/SpeedTreeBillboardMaster.uexp" 826
"../../../Engine/Plugins/Editor/SpeedTreeImporter/Content/SpeedTree9/SpeedTreeCameraFacing.uasset" 827
"../../../Engine/Plugins/Editor/SpeedTreeImporter/Content/SpeedTree9/SpeedTreeCameraFacing.uexp" 828
"../../../Engine/Plugins/Editor/SpeedTreeImporter/Content/SpeedTree9/SpeedTreeMaster.uasset" 829
"../../../Engine/Plugins/Editor/SpeedTreeImporter/Content/SpeedTree9/SpeedTreeMaster.uexp" 830
"../../../Engine/Content/BasicShapes/Cylinder.uasset" 831
"../../../Engine/Content/BasicShapes/Cylinder.uexp" 832
"../../../Engine/Content/ArtTools/RenderToTexture/Materials/Debug/M_Emissive_Color.uasset" 833
"../../../Engine/Content/ArtTools/RenderToTexture/Materials/Debug/M_Emissive_Color.uexp" 834
"../../../Engine/Plugins/Lumin/MagicLeapPassableWorld/Content/MagicLeapARPinInfoActor.uasset" 835
"../../../Engine/Plugins/Lumin/MagicLeapPassableWorld/Content/MagicLeapARPinInfoActor.uexp" 836
"../../../Engine/Plugins/FX/Niagara/Content/Icons/S_ParticleSystem.uasset" 837
"../../../Engine/Plugins/FX/Niagara/Content/Icons/S_ParticleSystem.uexp" 838
"../../../Engine/Plugins/FX/Niagara/Content/Icons/S_ParticleSystem.ubulk" 839
"../../../Engine/Plugins/Runtime/OpenXR/Content/Devices/GoogleDaydream/MRTexture.uasset" 840
"../../../Engine/Plugins/Runtime/OpenXR/Content/Devices/GoogleDaydream/MRTexture.uexp" 841
"../../../Engine/Plugins/Runtime/OpenXR/Content/Devices/GoogleDaydream/MRTexture.ubulk" 842
"../../../Engine/Plugins/Runtime/OpenXR/Content/Devices/GoogleDaydream/BaseTexture.uasset" 843
"../../../Engine/Plugins/Runtime/OpenXR/Content/Devices/GoogleDaydream/BaseTexture.uexp" 844
"../../../Engine/Plugins/Runtime/OpenXR/Content/Devices/GoogleDaydream/BaseTexture.ubulk" 845
"../../../Engine/Content/EngineResources/Black.uasset" 846
"../../../Engine/Content/EngineResources/Black.uexp" 847
"../../../Engine/Plugins/Runtime/OpenXR/Content/Devices/M_XRController.uasset" 848
"../../../Engine/Plugins/Runtime/OpenXR/Content/Devices/M_XRController.uexp" 849
"../../../Engine/Plugins/Runtime/OpenXR/Content/Devices/GoogleDaydream/MI_GoogleDaydream.uasset" 850
"../../../Engine/Plugins/Runtime/OpenXR/Content/Devices/GoogleDaydream/MI_GoogleDaydream.uexp" 851
"../../../Engine/Plugins/Runtime/OpenXR/Content/Devices/GoogleDaydream/GoogleDaydreamController.uasset" 852
"../../../Engine/Plugins/Runtime/OpenXR/Content/Devices/GoogleDaydream/GoogleDaydreamController.uexp" 853
"../../../Engine/Plugins/Runtime/OpenXR/Content/Devices/HTCVive/BaseTexture.uasset" 854
"../../../Engine/Plugins/Runtime/OpenXR/Content/Devices/HTCVive/BaseTexture.uexp" 855
"../../../Engine/Plugins/Runtime/OpenXR/Content/Devices/HTCVive/BaseTexture.ubulk" 856
"../../../Engine/Plugins/Runtime/OpenXR/Content/Devices/HTCVive/MI_HTCVive.uasset" 857
"../../../Engine/Plugins/Runtime/OpenXR/Content/Devices/HTCVive/MI_HTCVive.uexp" 858
"../../../Engine/Plugins/Runtime/OpenXR/Content/Devices/HTCVive/HTCViveController.uasset" 859
"../../../Engine/Plugins/Runtime/OpenXR/Content/Devices/HTCVive/HTCViveController.uexp" 860
"../../../Engine/Plugins/Runtime/OpenXR/Content/Devices/MicrosoftMixedReality/NormalTexture.uasset" 861
"../../../Engine/Plugins/Runtime/OpenXR/Content/Devices/MicrosoftMixedReality/NormalTexture.uexp" 862
"../../../Engine/Plugins/Runtime/OpenXR/Content/Devices/MicrosoftMixedReality/NormalTexture.ubulk" 863
"../../../Engine/Plugins/Runtime/OpenXR/Content/Devices/MicrosoftMixedReality/MRTexture.uasset" 864
"../../../Engine/Plugins/Runtime/OpenXR/Content/Devices/MicrosoftMixedReality/MRTexture.uexp" 865
"../../../Engine/Plugins/Runtime/OpenXR/Content/Devices/MicrosoftMixedReality/MRTexture.ubulk" 866
"../../../Engine/Plugins/Runtime/OpenXR/Content/Devices/MicrosoftMixedReality/EmissiveTexture.uasset" 867
"../../../Engine/Plugins/Runtime/OpenXR/Content/Devices/MicrosoftMixedReality/EmissiveTexture.uexp" 868
"../../../Engine/Plugins/Runtime/OpenXR/Content/Devices/MicrosoftMixedReality/EmissiveTexture.ubulk" 869
"../../../Engine/Plugins/Runtime/OpenXR/Content/Devices/MicrosoftMixedReality/BaseTexture.uasset" 870
"../../../Engine/Plugins/Runtime/OpenXR/Content/Devices/MicrosoftMixedReality/BaseTexture.uexp" 871
"../../../Engine/Plugins/Runtime/OpenXR/Content/Devices/MicrosoftMixedReality/BaseTexture.ubulk" 872
"../../../Engine/Plugins/Runtime/OpenXR/Content/Devices/MicrosoftMixedReality/MI_MicrosoftMixedReality.uasset" 873
"../../../Engine/Plugins/Runtime/OpenXR/Content/Devices/MicrosoftMixedReality/MI_MicrosoftMixedReality.uexp" 874
"../../../Engine/Plugins/Runtime/OpenXR/Content/Devices/MicrosoftMixedReality/Left/left_MicrosoftMixedRealityController.uasset" 875
"../../../Engine/Plugins/Runtime/OpenXR/Content/Devices/MicrosoftMixedReality/Left/left_MicrosoftMixedRealityController.uexp" 876
"../../../Engine/Plugins/Runtime/OpenXR/Content/Devices/MicrosoftMixedReality/Right/right_MicrosoftMixedRealityController.uasset" 877
"../../../Engine/Plugins/Runtime/OpenXR/Content/Devices/MicrosoftMixedReality/Right/right_MicrosoftMixedRealityController.uexp" 878
"../../../Engine/Plugins/Runtime/OpenXR/Content/Devices/OculusGo/BaseTexture.uasset" 879
"../../../Engine/Plugins/Runtime/OpenXR/Content/Devices/OculusGo/BaseTexture.uexp" 880
"../../../Engine/Plugins/Runtime/OpenXR/Content/Devices/OculusGo/BaseTexture.ubulk" 881
"../../../Engine/Plugins/Runtime/OpenXR/Content/Devices/OculusGo/MI_OculusGo.uasset" 882
"../../../Engine/Plugins/Runtime/OpenXR/Content/Devices/OculusGo/MI_OculusGo.uexp" 883
"../../../Engine/Plugins/Runtime/OpenXR/Content/Devices/OculusGo/OculusGoController.uasset" 884
"../../../Engine/Plugins/Runtime/OpenXR/Content/Devices/OculusGo/OculusGoController.uexp" 885
"../../../Engine/Plugins/Runtime/OpenXR/Content/Devices/OculusTouch/MRTexture.uasset" 886
"../../../Engine/Plugins/Runtime/OpenXR/Content/Devices/OculusTouch/MRTexture.uexp" 887
"../../../Engine/Plugins/Runtime/OpenXR/Content/Devices/OculusTouch/MRTexture.ubulk" 888
"../../../Engine/Plugins/Runtime/OpenXR/Content/Devices/OculusTouch/BaseTexture.uasset" 889
"../../../Engine/Plugins/Runtime/OpenXR/Content/Devices/OculusTouch/BaseTexture.uexp" 890
"../../../Engine/Plugins/Runtime/OpenXR/Content/Devices/OculusTouch/BaseTexture.ubulk" 891
"../../../Engine/Plugins/Runtime/OpenXR/Content/Devices/OculusTouch/MI_OculusTouch.uasset" 892
"../../../Engine/Plugins/Runtime/OpenXR/Content/Devices/OculusTouch/MI_OculusTouch.uexp" 893
"../../../Engine/Plugins/Runtime/OpenXR/Content/Devices/OculusTouch/Left/left_OculusTouchController.uasset" 894
"../../../Engine/Plugins/Runtime/OpenXR/Content/Devices/OculusTouch/Left/left_OculusTouchController.uexp" 895
"../../../Engine/Plugins/Runtime/OpenXR/Content/Devices/OculusTouch/Right/right_OculusTouchController.uasset" 896
"../../../Engine/Plugins/Runtime/OpenXR/Content/Devices/OculusTouch/Right/right_OculusTouchController.uexp" 897
"../../../Engine/Plugins/Runtime/OpenXR/Content/Devices/OculusTouch_v2/MRTexture.uasset" 898
"../../../Engine/Plugins/Runtime/OpenXR/Content/Devices/OculusTouch_v2/MRTexture.uexp" 899
"../../../Engine/Plugins/Runtime/OpenXR/Content/Devices/OculusTouch_v2/MRTexture.ubulk" 900
"../../../Engine/Plugins/Runtime/OpenXR/Content/Devices/OculusTouch_v2/BaseTexture.uasset" 901
"../../../Engine/Plugins/Runtime/OpenXR/Content/Devices/OculusTouch_v2/BaseTexture.uexp" 902
"../../../Engine/Plugins/Runtime/OpenXR/Content/Devices/OculusTouch_v2/BaseTexture.ubulk" 903
"../../../Engine/Plugins/Runtime/OpenXR/Content/Devices/OculusTouch_v2/MI_OculusTouch_v2.uasset" 904
"../../../Engine/Plugins/Runtime/OpenXR/Content/Devices/OculusTouch_v2/MI_OculusTouch_v2.uexp" 905
"../../../Engine/Plugins/Runtime/OpenXR/Content/Devices/OculusTouch_v2/Left/left_OculusTouch_v2Controller.uasset" 906
"../../../Engine/Plugins/Runtime/OpenXR/Content/Devices/OculusTouch_v2/Left/left_OculusTouch_v2Controller.uexp" 907
"../../../Engine/Plugins/Runtime/OpenXR/Content/Devices/OculusTouch_v2/Right/right_OculusTouch_v2Controller.uasset" 908
"../../../Engine/Plugins/Runtime/OpenXR/Content/Devices/OculusTouch_v2/Right/right_OculusTouch_v2Controller.uexp" 909
"../../../Engine/Plugins/Runtime/OpenXR/Content/Devices/OculusTouch_v3/MRTexture.uasset" 910
"../../../Engine/Plugins/Runtime/OpenXR/Content/Devices/OculusTouch_v3/MRTexture.uexp" 911
"../../../Engine/Plugins/Runtime/OpenXR/Content/Devices/OculusTouch_v3/MRTexture.ubulk" 912
"../../../Engine/Plugins/Runtime/OpenXR/Content/Devices/OculusTouch_v3/BaseTexture.uasset" 913
"../../../Engine/Plugins/Runtime/OpenXR/Content/Devices/OculusTouch_v3/BaseTexture.uexp" 914
"../../../Engine/Plugins/Runtime/OpenXR/Content/Devices/OculusTouch_v3/BaseTexture.ubulk" 915
"../../../Engine/Plugins/Runtime/OpenXR/Content/Devices/OculusTouch_v3/MI_OculusTouch_v3.uasset" 916
"../../../Engine/Plugins/Runtime/OpenXR/Content/Devices/OculusTouch_v3/MI_OculusTouch_v3.uexp" 917
"../../../Engine/Plugins/Runtime/OpenXR/Content/Devices/OculusTouch_v3/Left/left_OculusTouch_v3Controller.uasset" 918
"../../../Engine/Plugins/Runtime/OpenXR/Content/Devices/OculusTouch_v3/Left/left_OculusTouch_v3Controller.uexp" 919
"../../../Engine/Plugins/Runtime/OpenXR/Content/Devices/OculusTouch_v3/Right/right_OculusTouch_v3Controller.uasset" 920
"../../../Engine/Plugins/Runtime/OpenXR/Content/Devices/OculusTouch_v3/Right/right_OculusTouch_v3Controller.uexp" 921
"../../../Engine/Plugins/Runtime/OpenXR/Content/Devices/ValveIndex/MRTexture.uasset" 922
"../../../Engine/Plugins/Runtime/OpenXR/Content/Devices/ValveIndex/MRTexture.uexp" 923
"../../../Engine/Plugins/Runtime/OpenXR/Content/Devices/ValveIndex/MRTexture.ubulk" 924
"../../../Engine/Plugins/Runtime/OpenXR/Content/Devices/ValveIndex/BaseTexture.uasset" 925
"../../../Engine/Plugins/Runtime/OpenXR/Content/Devices/ValveIndex/BaseTexture.uexp" 926
"../../../Engine/Plugins/Runtime/OpenXR/Content/Devices/ValveIndex/BaseTexture.ubulk" 927
"../../../Engine/Plugins/Runtime/OpenXR/Content/Devices/ValveIndex/Left/MI_left_ValveIndex.uasset" 928
"../../../Engine/Plugins/Runtime/OpenXR/Content/Devices/ValveIndex/Left/MI_left_ValveIndex.uexp" 929
"../../../Engine/Plugins/Runtime/OpenXR/Content/Devices/ValveIndex/Left/left_ValveIndexController.uasset" 930
"../../../Engine/Plugins/Runtime/OpenXR/Content/Devices/ValveIndex/Left/left_ValveIndexController.uexp" 931
"../../../Engine/Plugins/Runtime/OpenXR/Content/Devices/ValveIndex/Right/MI_right_ValveIndex.uasset" 932
"../../../Engine/Plugins/Runtime/OpenXR/Content/Devices/ValveIndex/Right/MI_right_ValveIndex.uexp" 933
"../../../Engine/Plugins/Runtime/OpenXR/Content/Devices/ValveIndex/Right/right_ValveIndexController.uasset" 934
"../../../Engine/Plugins/Runtime/OpenXR/Content/Devices/ValveIndex/Right/right_ValveIndexController.uexp" 935
"../../../Engine/Content/Functions/Engine_MaterialFunctions02/Utility/BreakOutFloat4Components.uasset" 936
"../../../Engine/Content/Functions/Engine_MaterialFunctions02/Utility/BreakOutFloat4Components.uexp" 937
"../../../Engine/Plugins/Runtime/Oculus/OculusVR/Content/Materials/OculusMR_ChromaKey.uasset" 938
"../../../Engine/Plugins/Runtime/Oculus/OculusVR/Content/Materials/OculusMR_ChromaKey.uexp" 939
"../../../Engine/Plugins/Runtime/Oculus/OculusVR/Content/Materials/OculusMR_OpaqueColoredMaterial.uasset" 940
"../../../Engine/Plugins/Runtime/Oculus/OculusVR/Content/Materials/OculusMR_OpaqueColoredMaterial.uexp" 941
"../../../Engine/Plugins/Runtime/Oculus/OculusVR/Content/Materials/PokeAHoleMaterial.uasset" 942
"../../../Engine/Plugins/Runtime/Oculus/OculusVR/Content/Materials/PokeAHoleMaterial.uexp" 943
"../../../Engine/Plugins/Runtime/Oculus/OculusVR/Content/Textures/touchController_controlmap.uasset" 944
"../../../Engine/Plugins/Runtime/Oculus/OculusVR/Content/Textures/touchController_controlmap.uexp" 945
"../../../Engine/Plugins/Runtime/Oculus/OculusVR/Content/Textures/touchController_controlmap.ubulk" 946
"../../../Engine/Plugins/Runtime/Oculus/OculusVR/Content/Textures/touchController_albedo.uasset" 947
"../../../Engine/Plugins/Runtime/Oculus/OculusVR/Content/Textures/touchController_albedo.uexp" 948
"../../../Engine/Plugins/Runtime/Oculus/OculusVR/Content/Textures/touchController_albedo.ubulk" 949
"../../../Engine/Plugins/Runtime/Oculus/OculusVR/Content/Materials/touchController_mat.uasset" 950
"../../../Engine/Plugins/Runtime/Oculus/OculusVR/Content/Materials/touchController_mat.uexp" 951
"../../../Engine/Plugins/Runtime/Oculus/OculusVR/Content/Meshes/LeftTouchController.uasset" 952
"../../../Engine/Plugins/Runtime/Oculus/OculusVR/Content/Meshes/LeftTouchController.uexp" 953
"../../../Engine/Plugins/Runtime/Oculus/OculusVR/Content/Textures/TouchForQuestRiftSController_albedo.uasset" 954
"../../../Engine/Plugins/Runtime/Oculus/OculusVR/Content/Textures/TouchForQuestRiftSController_albedo.uexp" 955
"../../../Engine/Plugins/Runtime/Oculus/OculusVR/Content/Textures/TouchForQuestRiftSController_albedo.ubulk" 956
"../../../Engine/Plugins/Runtime/Oculus/OculusVR/Content/Materials/TouchForQuestRiftSControllerMaterial.uasset" 957
"../../../Engine/Plugins/Runtime/Oculus/OculusVR/Content/Materials/TouchForQuestRiftSControllerMaterial.uexp" 958
"../../../Engine/Plugins/Runtime/Oculus/OculusVR/Content/Meshes/LeftTouchForQuestRiftSController.uasset" 959
"../../../Engine/Plugins/Runtime/Oculus/OculusVR/Content/Meshes/LeftTouchForQuestRiftSController.uexp" 960
"../../../Engine/Plugins/Runtime/Oculus/OculusVR/Content/Meshes/RiftHMD.uasset" 961
"../../../Engine/Plugins/Runtime/Oculus/OculusVR/Content/Meshes/RiftHMD.uexp" 962
"../../../Engine/Plugins/Runtime/Oculus/OculusVR/Content/Meshes/RightTouchController.uasset" 963
"../../../Engine/Plugins/Runtime/Oculus/OculusVR/Content/Meshes/RightTouchController.uexp" 964
"../../../Engine/Plugins/Runtime/Oculus/OculusVR/Content/Meshes/RightTouchForQuestRiftSController.uasset" 965
"../../../Engine/Plugins/Runtime/Oculus/OculusVR/Content/Meshes/RightTouchForQuestRiftSController.uexp" 966
"../../../Engine/Content/Maps/Entry_BuiltData.uasset" 967
"../../../Engine/Content/Maps/Entry_BuiltData.uexp" 968
"../../../Engine/Content/Maps/Entry.uexp" 969
"../../../Engine/Content/Maps/Entry.umap" 970
"D:/Unreal Projects/TopDownShooter/Content/TreatmentStation/Textures/Props/T_Woodencable_1_ORM.uasset" 971
"D:/Unreal Projects/TopDownShooter/Content/TreatmentStation/Textures/Props/T_Woodencable_1_ORM.uexp" 972
"D:/Unreal Projects/TopDownShooter/Content/TreatmentStation/Textures/Props/T_Woodencable_1_ORM.ubulk" 973
"D:/Unreal Projects/TopDownShooter/Content/TreatmentStation/Textures/Props/T_Woodencable_1_N.uasset" 974
"D:/Unreal Projects/TopDownShooter/Content/TreatmentStation/Textures/Props/T_Woodencable_1_N.uexp" 975
"D:/Unreal Projects/TopDownShooter/Content/TreatmentStation/Textures/Props/T_Woodencable_1_N.ubulk" 976
"D:/Unreal Projects/TopDownShooter/Content/TreatmentStation/Textures/Props/T_Woodencable_1_B.uasset" 977
"D:/Unreal Projects/TopDownShooter/Content/TreatmentStation/Textures/Props/T_Woodencable_1_B.uexp" 978
"D:/Unreal Projects/TopDownShooter/Content/TreatmentStation/Textures/Props/T_Woodencable_1_B.ubulk" 979
"D:/Unreal Projects/TopDownShooter/Content/TreatmentStation/Materials/MasterMaterial/M_Woodencable_1.uasset" 980
"D:/Unreal Projects/TopDownShooter/Content/TreatmentStation/Materials/MasterMaterial/M_Woodencable_1.uexp" 981
"D:/Unreal Projects/TopDownShooter/Content/TreatmentStation/Meshes/SM_Woodencable_1.uasset" 982
"D:/Unreal Projects/TopDownShooter/Content/TreatmentStation/Meshes/SM_Woodencable_1.uexp" 983
"D:/Unreal Projects/TopDownShooter/Content/TreatmentStation/Textures/Trim_Textures/T_CapSet1_ORM.uasset" 984
"D:/Unreal Projects/TopDownShooter/Content/TreatmentStation/Textures/Trim_Textures/T_CapSet1_ORM.uexp" 985
"D:/Unreal Projects/TopDownShooter/Content/TreatmentStation/Textures/Trim_Textures/T_CapSet1_ORM.ubulk" 986
"D:/Unreal Projects/TopDownShooter/Content/TreatmentStation/Textures/Trim_Textures/T_CapSet1_N.uasset" 987
"D:/Unreal Projects/TopDownShooter/Content/TreatmentStation/Textures/Trim_Textures/T_CapSet1_N.uexp" 988
"D:/Unreal Projects/TopDownShooter/Content/TreatmentStation/Textures/Trim_Textures/T_CapSet1_N.ubulk" 989
"D:/Unreal Projects/TopDownShooter/Content/TreatmentStation/Textures/Trim_Textures/T_CapSet1_BC.uasset" 990
"D:/Unreal Projects/TopDownShooter/Content/TreatmentStation/Textures/Trim_Textures/T_CapSet1_BC.uexp" 991
"D:/Unreal Projects/TopDownShooter/Content/TreatmentStation/Textures/Trim_Textures/T_CapSet1_BC.ubulk" 992
"D:/Unreal Projects/TopDownShooter/Content/TreatmentStation/Textures/Trim_Textures/T_Trim_Pipe_1_N.uasset" 993
"D:/Unreal Projects/TopDownShooter/Content/TreatmentStation/Textures/Trim_Textures/T_Trim_Pipe_1_N.uexp" 994
"D:/Unreal Projects/TopDownShooter/Content/TreatmentStation/Textures/Trim_Textures/T_Trim_Pipe_1_N.ubulk" 995
"D:/Unreal Projects/TopDownShooter/Content/TreatmentStation/Textures/Trim_Textures/T_Props_C_E.uasset" 996
"D:/Unreal Projects/TopDownShooter/Content/TreatmentStation/Textures/Trim_Textures/T_Props_C_E.uexp" 997
"D:/Unreal Projects/TopDownShooter/Content/TreatmentStation/Textures/Trim_Textures/T_Props_C_E.ubulk" 998
"D:/Unreal Projects/TopDownShooter/Content/TreatmentStation/Textures/T_SurfaceImperfections_1_M.uasset" 999
"D:/Unreal Projects/TopDownShooter/Content/TreatmentStation/Textures/T_SurfaceImperfections_1_M.uexp" 1000
"D:/Unreal Projects/TopDownShooter/Content/TreatmentStation/Textures/T_SurfaceImperfections_1_M.ubulk" 1001
"D:/Unreal Projects/TopDownShooter/Content/TreatmentStation/Textures/T_Steel_1_N.uasset" 1002
"D:/Unreal Projects/TopDownShooter/Content/TreatmentStation/Textures/T_Steel_1_N.uexp" 1003
"D:/Unreal Projects/TopDownShooter/Content/TreatmentStation/Textures/T_Steel_1_N.ubulk" 1004
"D:/Unreal Projects/TopDownShooter/Content/TreatmentStation/Textures/T_Steel_1_B.uasset" 1005
"D:/Unreal Projects/TopDownShooter/Content/TreatmentStation/Textures/T_Steel_1_B.uexp" 1006
"D:/Unreal Projects/TopDownShooter/Content/TreatmentStation/Textures/T_Steel_1_B.ubulk" 1007
"D:/Unreal Projects/TopDownShooter/Content/TreatmentStation/Textures/T_Metal_1_ORM.uasset" 1008
"D:/Unreal Projects/TopDownShooter/Content/TreatmentStation/Textures/T_Metal_1_ORM.uexp" 1009
"D:/Unreal Projects/TopDownShooter/Content/TreatmentStation/Textures/T_Metal_1_ORM.ubulk" 1010
"D:/Unreal Projects/TopDownShooter/Content/TreatmentStation/Textures/T_Black_Metal_1.uasset" 1011
"D:/Unreal Projects/TopDownShooter/Content/TreatmentStation/Textures/T_Black_Metal_1.uexp" 1012
"D:/Unreal Projects/TopDownShooter/Content/TreatmentStation/Textures/T_Black_Metal_1.ubulk" 1013
"../../../Engine/Content/Functions/Engine_MaterialFunctions03/Blends/Blend_Overlay.uasset" 1014
"../../../Engine/Content/Functions/Engine_MaterialFunctions03/Blends/Blend_Overlay.uexp" 1015
"../../../Engine/Content/Functions/Engine_MaterialFunctions02/Texturing/CustomRotator.uasset" 1016
"../../../Engine/Content/Functions/Engine_MaterialFunctions02/Texturing/CustomRotator.uexp" 1017
"../../../Engine/Content/Functions/Engine_MaterialFunctions01/Gradient/LinearGradient.uasset" 1018
"../../../Engine/Content/Functions/Engine_MaterialFunctions01/Gradient/LinearGradient.uexp" 1019
"../../../Engine/Content/Functions/Engine_MaterialFunctions01/ImageAdjustment/CheapContrast.uasset" 1020
"../../../Engine/Content/Functions/Engine_MaterialFunctions01/ImageAdjustment/CheapContrast.uexp" 1021
"../../../Engine/Content/Functions/Engine_MaterialFunctions01/Texturing/WorldAlignedTexture.uasset" 1022
"../../../Engine/Content/Functions/Engine_MaterialFunctions01/Texturing/WorldAlignedTexture.uexp" 1023
"../../../Engine/Content/Functions/Engine_MaterialFunctions02/Texturing/HeightLerp.uasset" 1024
"../../../Engine/Content/Functions/Engine_MaterialFunctions02/Texturing/HeightLerp.uexp" 1025
"../../../Engine/Content/Functions/Engine_MaterialFunctions01/Texturing/FlattenNormal.uasset" 1026
"../../../Engine/Content/Functions/Engine_MaterialFunctions01/Texturing/FlattenNormal.uexp" 1027
"../../../Engine/Content/EngineResources/Gray.uasset" 1028
"../../../Engine/Content/EngineResources/Gray.uexp" 1029
"../../../Engine/Content/EngineMaterials/T_Default_MacroVariation.uasset" 1030
"../../../Engine/Content/EngineMaterials/T_Default_MacroVariation.uexp" 1031
"../../../Engine/Content/EngineMaterials/T_Default_MacroVariation.ubulk" 1032
"D:/Unreal Projects/TopDownShooter/Content/TreatmentStation/Materials/MasterMaterial/M_Adv_Trim_A.uasset" 1033
"D:/Unreal Projects/TopDownShooter/Content/TreatmentStation/Materials/MasterMaterial/M_Adv_Trim_A.uexp" 1034
"D:/Unreal Projects/TopDownShooter/Content/TreatmentStation/Materials/MaterialInstance/MI_CapSet1.uasset" 1035
"D:/Unreal Projects/TopDownShooter/Content/TreatmentStation/Materials/MaterialInstance/MI_CapSet1.uexp" 1036
"D:/Unreal Projects/TopDownShooter/Content/TreatmentStation/Textures/Trim_Textures/T_Props_C_ORM.uasset" 1037
"D:/Unreal Projects/TopDownShooter/Content/TreatmentStation/Textures/Trim_Textures/T_Props_C_ORM.uexp" 1038
"D:/Unreal Projects/TopDownShooter/Content/TreatmentStation/Textures/Trim_Textures/T_Props_C_ORM.ubulk" 1039
"D:/Unreal Projects/TopDownShooter/Content/TreatmentStation/Textures/Trim_Textures/T_Props_C_N.uasset" 1040
"D:/Unreal Projects/TopDownShooter/Content/TreatmentStation/Textures/Trim_Textures/T_Props_C_N.uexp" 1041
"D:/Unreal Projects/TopDownShooter/Content/TreatmentStation/Textures/Trim_Textures/T_Props_C_N.ubulk" 1042
"D:/Unreal Projects/TopDownShooter/Content/TreatmentStation/Textures/Trim_Textures/T_Props_C_BC.uasset" 1043
"D:/Unreal Projects/TopDownShooter/Content/TreatmentStation/Textures/Trim_Textures/T_Props_C_BC.uexp" 1044
"D:/Unreal Projects/TopDownShooter/Content/TreatmentStation/Textures/Trim_Textures/T_Props_C_BC.ubulk" 1045
"D:/Unreal Projects/TopDownShooter/Content/TreatmentStation/Materials/MaterialInstance/MI_Adv_Props_C.uasset" 1046
"D:/Unreal Projects/TopDownShooter/Content/TreatmentStation/Materials/MaterialInstance/MI_Adv_Props_C.uexp" 1047
"D:/Unreal Projects/TopDownShooter/Content/TreatmentStation/Textures/Trim_Textures/T_Panel_Trim5_ORM.uasset" 1048
"D:/Unreal Projects/TopDownShooter/Content/TreatmentStation/Textures/Trim_Textures/T_Panel_Trim5_ORM.uexp" 1049
"D:/Unreal Projects/TopDownShooter/Content/TreatmentStation/Textures/Trim_Textures/T_Panel_Trim5_ORM.ubulk" 1050
"D:/Unreal Projects/TopDownShooter/Content/TreatmentStation/Textures/Trim_Textures/T_Panel_Trim5_N.uasset" 1051
"D:/Unreal Projects/TopDownShooter/Content/TreatmentStation/Textures/Trim_Textures/T_Panel_Trim5_N.uexp" 1052
"D:/Unreal Projects/TopDownShooter/Content/TreatmentStation/Textures/Trim_Textures/T_Panel_Trim5_N.ubulk" 1053
"D:/Unreal Projects/TopDownShooter/Content/TreatmentStation/Textures/Trim_Textures/T_Panel_Trim5_BC.uasset" 1054
"D:/Unreal Projects/TopDownShooter/Content/TreatmentStation/Textures/Trim_Textures/T_Panel_Trim5_BC.uexp" 1055
"D:/Unreal Projects/TopDownShooter/Content/TreatmentStation/Textures/Trim_Textures/T_Panel_Trim5_BC.ubulk" 1056
"D:/Unreal Projects/TopDownShooter/Content/TreatmentStation/Materials/MaterialInstance/MI_Trim_Panel_4.uasset" 1057
"D:/Unreal Projects/TopDownShooter/Content/TreatmentStation/Materials/MaterialInstance/MI_Trim_Panel_4.uexp" 1058
"D:/Unreal Projects/TopDownShooter/Content/TreatmentStation/Textures/Trim_Textures/T_Panel_Trim7_ORM.uasset" 1059
"D:/Unreal Projects/TopDownShooter/Content/TreatmentStation/Textures/Trim_Textures/T_Panel_Trim7_ORM.uexp" 1060
"D:/Unreal Projects/TopDownShooter/Content/TreatmentStation/Textures/Trim_Textures/T_Panel_Trim7_ORM.ubulk" 1061
"D:/Unreal Projects/TopDownShooter/Content/TreatmentStation/Textures/Trim_Textures/T_Panel_Trim7_N.uasset" 1062
"D:/Unreal Projects/TopDownShooter/Content/TreatmentStation/Textures/Trim_Textures/T_Panel_Trim7_N.uexp" 1063
"D:/Unreal Projects/TopDownShooter/Content/TreatmentStation/Textures/Trim_Textures/T_Panel_Trim7_N.ubulk" 1064
"D:/Unreal Projects/TopDownShooter/Content/TreatmentStation/Textures/Trim_Textures/T_Panel_Trim7_BC.uasset" 1065
"D:/Unreal Projects/TopDownShooter/Content/TreatmentStation/Textures/Trim_Textures/T_Panel_Trim7_BC.uexp" 1066
"D:/Unreal Projects/TopDownShooter/Content/TreatmentStation/Textures/Trim_Textures/T_Panel_Trim7_BC.ubulk" 1067
"D:/Unreal Projects/TopDownShooter/Content/TreatmentStation/Materials/MaterialInstance/MI_Trim_Panel_6.uasset" 1068
"D:/Unreal Projects/TopDownShooter/Content/TreatmentStation/Materials/MaterialInstance/MI_Trim_Panel_6.uexp" 1069
"D:/Unreal Projects/TopDownShooter/Content/TreatmentStation/Meshes/SM_Reactor3.uasset" 1070
"D:/Unreal Projects/TopDownShooter/Content/TreatmentStation/Meshes/SM_Reactor3.uexp" 1071
"D:/Unreal Projects/TopDownShooter/Content/TreatmentStation/Textures/T_GridMat_ORM.uasset" 1072
"D:/Unreal Projects/TopDownShooter/Content/TreatmentStation/Textures/T_GridMat_ORM.uexp" 1073
"D:/Unreal Projects/TopDownShooter/Content/TreatmentStation/Textures/T_GridMat_ORM.ubulk" 1074
"D:/Unreal Projects/TopDownShooter/Content/TreatmentStation/Textures/T_GridMat_N.uasset" 1075
"D:/Unreal Projects/TopDownShooter/Content/TreatmentStation/Textures/T_GridMat_N.uexp" 1076
"D:/Unreal Projects/TopDownShooter/Content/TreatmentStation/Textures/T_GridMat_N.ubulk" 1077
"D:/Unreal Projects/TopDownShooter/Content/TreatmentStation/Textures/T_GridMat_BC.uasset" 1078
"D:/Unreal Projects/TopDownShooter/Content/TreatmentStation/Textures/T_GridMat_BC.uexp" 1079
"D:/Unreal Projects/TopDownShooter/Content/TreatmentStation/Textures/T_GridMat_BC.ubulk" 1080
"D:/Unreal Projects/TopDownShooter/Content/TreatmentStation/Textures/T_Trim_Metal_2_ORM.uasset" 1081
"D:/Unreal Projects/TopDownShooter/Content/TreatmentStation/Textures/T_Trim_Metal_2_ORM.uexp" 1082
"D:/Unreal Projects/TopDownShooter/Content/TreatmentStation/Textures/T_Trim_Metal_2_ORM.ubulk" 1083
"D:/Unreal Projects/TopDownShooter/Content/TreatmentStation/Textures/T_Trim_Metal_1_B.uasset" 1084
"D:/Unreal Projects/TopDownShooter/Content/TreatmentStation/Textures/T_Trim_Metal_1_B.uexp" 1085
"D:/Unreal Projects/TopDownShooter/Content/TreatmentStation/Textures/T_Trim_Metal_1_B.ubulk" 1086
"D:/Unreal Projects/TopDownShooter/Content/TreatmentStation/Materials/MasterMaterial/M_Basic_Trim_A.uasset" 1087
"D:/Unreal Projects/TopDownShooter/Content/TreatmentStation/Materials/MasterMaterial/M_Basic_Trim_A.uexp" 1088
"D:/Unreal Projects/TopDownShooter/Content/TreatmentStation/Materials/MaterialInstance/MI_Fence_1.uasset" 1089
"D:/Unreal Projects/TopDownShooter/Content/TreatmentStation/Materials/MaterialInstance/MI_Fence_1.uexp" 1090
"D:/Unreal Projects/TopDownShooter/Content/TreatmentStation/Textures/Trim_Textures/T_Props_A_ORM.uasset" 1091
"D:/Unreal Projects/TopDownShooter/Content/TreatmentStation/Textures/Trim_Textures/T_Props_A_ORM.uexp" 1092
"D:/Unreal Projects/TopDownShooter/Content/TreatmentStation/Textures/Trim_Textures/T_Props_A_ORM.ubulk" 1093
"D:/Unreal Projects/TopDownShooter/Content/TreatmentStation/Textures/Trim_Textures/T_Props_A_N.uasset" 1094
"D:/Unreal Projects/TopDownShooter/Content/TreatmentStation/Textures/Trim_Textures/T_Props_A_N.uexp" 1095
"D:/Unreal Projects/TopDownShooter/Content/TreatmentStation/Textures/Trim_Textures/T_Props_A_N.ubulk" 1096
"D:/Unreal Projects/TopDownShooter/Content/TreatmentStation/Textures/Trim_Textures/T_Props_A_B.uasset" 1097
"D:/Unreal Projects/TopDownShooter/Content/TreatmentStation/Textures/Trim_Textures/T_Props_A_B.uexp" 1098
"D:/Unreal Projects/TopDownShooter/Content/TreatmentStation/Textures/Trim_Textures/T_Props_A_B.ubulk" 1099
"D:/Unreal Projects/TopDownShooter/Content/TreatmentStation/Materials/MaterialInstance/MI_Adv_Props_A.uasset" 1100
"D:/Unreal Projects/TopDownShooter/Content/TreatmentStation/Materials/MaterialInstance/MI_Adv_Props_A.uexp" 1101
"D:/Unreal Projects/TopDownShooter/Content/TreatmentStation/Meshes/SM_Panel_Floor_3.uasset" 1102
"D:/Unreal Projects/TopDownShooter/Content/TreatmentStation/Meshes/SM_Panel_Floor_3.uexp" 1103
"D:/Unreal Projects/TopDownShooter/Content/TreatmentStation/Textures/Trim_Textures/T_Metal_Panel_1_ORM.uasset" 1104
"D:/Unreal Projects/TopDownShooter/Content/TreatmentStation/Textures/Trim_Textures/T_Metal_Panel_1_ORM.uexp" 1105
"D:/Unreal Projects/TopDownShooter/Content/TreatmentStation/Textures/Trim_Textures/T_Metal_Panel_1_ORM.ubulk" 1106
"D:/Unreal Projects/TopDownShooter/Content/TreatmentStation/Textures/Trim_Textures/T_Metal_Panel_1_N.uasset" 1107
"D:/Unreal Projects/TopDownShooter/Content/TreatmentStation/Textures/Trim_Textures/T_Metal_Panel_1_N.uexp" 1108
"D:/Unreal Projects/TopDownShooter/Content/TreatmentStation/Textures/Trim_Textures/T_Metal_Panel_1_N.ubulk" 1109
"D:/Unreal Projects/TopDownShooter/Content/TreatmentStation/Textures/Trim_Textures/T_Metal_Panel_1_B.uasset" 1110
"D:/Unreal Projects/TopDownShooter/Content/TreatmentStation/Textures/Trim_Textures/T_Metal_Panel_1_B.uexp" 1111
"D:/Unreal Projects/TopDownShooter/Content/TreatmentStation/Textures/Trim_Textures/T_Metal_Panel_1_B.ubulk" 1112
"D:/Unreal Projects/TopDownShooter/Content/TreatmentStation/Materials/MaterialInstance/MI_Metal_Panel.uasset" 1113
"D:/Unreal Projects/TopDownShooter/Content/TreatmentStation/Materials/MaterialInstance/MI_Metal_Panel.uexp" 1114
"D:/Unreal Projects/TopDownShooter/Content/TreatmentStation/Textures/T_Metal_1_N.uasset" 1115
"D:/Unreal Projects/TopDownShooter/Content/TreatmentStation/Textures/T_Metal_1_N.uexp" 1116
"D:/Unreal Projects/TopDownShooter/Content/TreatmentStation/Textures/T_Metal_1_N.ubulk" 1117
"D:/Unreal Projects/TopDownShooter/Content/TreatmentStation/Materials/MaterialInstance/MI_Metal_A.uasset" 1118
"D:/Unreal Projects/TopDownShooter/Content/TreatmentStation/Materials/MaterialInstance/MI_Metal_A.uexp" 1119
"D:/Unreal Projects/TopDownShooter/Content/TreatmentStation/Textures/Trim_Textures/T_Wall_Trim_2_N.uasset" 1120
"D:/Unreal Projects/TopDownShooter/Content/TreatmentStation/Textures/Trim_Textures/T_Wall_Trim_2_N.uexp" 1121
"D:/Unreal Projects/TopDownShooter/Content/TreatmentStation/Textures/Trim_Textures/T_Wall_Trim_2_N.ubulk" 1122
"D:/Unreal Projects/TopDownShooter/Content/TreatmentStation/Materials/MaterialInstance/MI_Basic_Trim_A.uasset" 1123
"D:/Unreal Projects/TopDownShooter/Content/TreatmentStation/Materials/MaterialInstance/MI_Basic_Trim_A.uexp" 1124
"D:/Unreal Projects/TopDownShooter/Content/TreatmentStation/Textures/Trim_Textures/T_Props_B_ORM.uasset" 1125
"D:/Unreal Projects/TopDownShooter/Content/TreatmentStation/Textures/Trim_Textures/T_Props_B_ORM.uexp" 1126
"D:/Unreal Projects/TopDownShooter/Content/TreatmentStation/Textures/Trim_Textures/T_Props_B_ORM.ubulk" 1127
"D:/Unreal Projects/TopDownShooter/Content/TreatmentStation/Textures/Trim_Textures/T_Props_B_N.uasset" 1128
"D:/Unreal Projects/TopDownShooter/Content/TreatmentStation/Textures/Trim_Textures/T_Props_B_N.uexp" 1129
"D:/Unreal Projects/TopDownShooter/Content/TreatmentStation/Textures/Trim_Textures/T_Props_B_N.ubulk" 1130
"D:/Unreal Projects/TopDownShooter/Content/TreatmentStation/Textures/Trim_Textures/T_Props_B_E.uasset" 1131
"D:/Unreal Projects/TopDownShooter/Content/TreatmentStation/Textures/Trim_Textures/T_Props_B_E.uexp" 1132
"D:/Unreal Projects/TopDownShooter/Content/TreatmentStation/Textures/Trim_Textures/T_Props_B_E.ubulk" 1133
"D:/Unreal Projects/TopDownShooter/Content/TreatmentStation/Textures/Trim_Textures/T_Props_B_B.uasset" 1134
"D:/Unreal Projects/TopDownShooter/Content/TreatmentStation/Textures/Trim_Textures/T_Props_B_B.uexp" 1135
"D:/Unreal Projects/TopDownShooter/Content/TreatmentStation/Textures/Trim_Textures/T_Props_B_B.ubulk" 1136
"D:/Unreal Projects/TopDownShooter/Content/TreatmentStation/Materials/MaterialInstance/MI_Adv_Props_B.uasset" 1137
"D:/Unreal Projects/TopDownShooter/Content/TreatmentStation/Materials/MaterialInstance/MI_Adv_Props_B.uexp" 1138
"D:/Unreal Projects/TopDownShooter/Content/TreatmentStation/Meshes/SM_Lamp_D.uasset" 1139
"D:/Unreal Projects/TopDownShooter/Content/TreatmentStation/Meshes/SM_Lamp_D.uexp" 1140
"D:/Unreal Projects/TopDownShooter/Content/TreatmentStation/Meshes/SM_Lamp_C.uasset" 1141
"D:/Unreal Projects/TopDownShooter/Content/TreatmentStation/Meshes/SM_Lamp_C.uexp" 1142
"D:/Unreal Projects/TopDownShooter/Content/TreatmentStation/Textures/Trim_Textures/T_Panel_Trim8_ORM.uasset" 1143
"D:/Unreal Projects/TopDownShooter/Content/TreatmentStation/Textures/Trim_Textures/T_Panel_Trim8_ORM.uexp" 1144
"D:/Unreal Projects/TopDownShooter/Content/TreatmentStation/Textures/Trim_Textures/T_Panel_Trim8_ORM.ubulk" 1145
"D:/Unreal Projects/TopDownShooter/Content/TreatmentStation/Textures/Trim_Textures/T_Panel_Trim8_N.uasset" 1146
"D:/Unreal Projects/TopDownShooter/Content/TreatmentStation/Textures/Trim_Textures/T_Panel_Trim8_N.uexp" 1147
"D:/Unreal Projects/TopDownShooter/Content/TreatmentStation/Textures/Trim_Textures/T_Panel_Trim8_N.ubulk" 1148
"D:/Unreal Projects/TopDownShooter/Content/TreatmentStation/Textures/Trim_Textures/T_Panel_Trim8_BC.uasset" 1149
"D:/Unreal Projects/TopDownShooter/Content/TreatmentStation/Textures/Trim_Textures/T_Panel_Trim8_BC.uexp" 1150
"D:/Unreal Projects/TopDownShooter/Content/TreatmentStation/Textures/Trim_Textures/T_Panel_Trim8_BC.ubulk" 1151
"D:/Unreal Projects/TopDownShooter/Content/TreatmentStation/Materials/MaterialInstance/MI_Trim_Panel_1.uasset" 1152
"D:/Unreal Projects/TopDownShooter/Content/TreatmentStation/Materials/MaterialInstance/MI_Trim_Panel_1.uexp" 1153
"D:/Unreal Projects/TopDownShooter/Content/TreatmentStation/Meshes/SM_Fuel_Tank.uasset" 1154
"D:/Unreal Projects/TopDownShooter/Content/TreatmentStation/Meshes/SM_Fuel_Tank.uexp" 1155
"D:/Unreal Projects/TopDownShooter/Content/TreatmentStation/Textures/T_Fence_1_N.uasset" 1156
"D:/Unreal Projects/TopDownShooter/Content/TreatmentStation/Textures/T_Fence_1_N.uexp" 1157
"D:/Unreal Projects/TopDownShooter/Content/TreatmentStation/Textures/T_Fence_1_N.ubulk" 1158
"D:/Unreal Projects/TopDownShooter/Content/TreatmentStation/Textures/T_Fence_1_B.uasset" 1159
"D:/Unreal Projects/TopDownShooter/Content/TreatmentStation/Textures/T_Fence_1_B.uexp" 1160
"D:/Unreal Projects/TopDownShooter/Content/TreatmentStation/Textures/T_Fence_1_B.ubulk" 1161
"D:/Unreal Projects/TopDownShooter/Content/TreatmentStation/Materials/MaterialInstance/MI_Fence_2.uasset" 1162
"D:/Unreal Projects/TopDownShooter/Content/TreatmentStation/Materials/MaterialInstance/MI_Fence_2.uexp" 1163
"D:/Unreal Projects/TopDownShooter/Content/TreatmentStation/Textures/Trim_Textures/T_Panel_6_ORM.uasset" 1164
"D:/Unreal Projects/TopDownShooter/Content/TreatmentStation/Textures/Trim_Textures/T_Panel_6_ORM.uexp" 1165
"D:/Unreal Projects/TopDownShooter/Content/TreatmentStation/Textures/Trim_Textures/T_Panel_6_ORM.ubulk" 1166
"D:/Unreal Projects/TopDownShooter/Content/TreatmentStation/Textures/Trim_Textures/T_Panel_6_N.uasset" 1167
"D:/Unreal Projects/TopDownShooter/Content/TreatmentStation/Textures/Trim_Textures/T_Panel_6_N.uexp" 1168
"D:/Unreal Projects/TopDownShooter/Content/TreatmentStation/Textures/Trim_Textures/T_Panel_6_N.ubulk" 1169
"D:/Unreal Projects/TopDownShooter/Content/TreatmentStation/Textures/Trim_Textures/T_Panel_6_B.uasset" 1170
"D:/Unreal Projects/TopDownShooter/Content/TreatmentStation/Textures/Trim_Textures/T_Panel_6_B.uexp" 1171
"D:/Unreal Projects/TopDownShooter/Content/TreatmentStation/Textures/Trim_Textures/T_Panel_6_B.ubulk" 1172
"D:/Unreal Projects/TopDownShooter/Content/TreatmentStation/Materials/MaterialInstance/MI_Trim_Panel_5.uasset" 1173
"D:/Unreal Projects/TopDownShooter/Content/TreatmentStation/Materials/MaterialInstance/MI_Trim_Panel_5.uexp" 1174
"D:/Unreal Projects/TopDownShooter/Content/TreatmentStation/Textures/Trim_Textures/T_Panel_2_N.uasset" 1175
"D:/Unreal Projects/TopDownShooter/Content/TreatmentStation/Textures/Trim_Textures/T_Panel_2_N.uexp" 1176
"D:/Unreal Projects/TopDownShooter/Content/TreatmentStation/Textures/Trim_Textures/T_Panel_2_N.ubulk" 1177
"D:/Unreal Projects/TopDownShooter/Content/TreatmentStation/Textures/Trim_Textures/T_Panel_2_B.uasset" 1178
"D:/Unreal Projects/TopDownShooter/Content/TreatmentStation/Textures/Trim_Textures/T_Panel_2_B.uexp" 1179
"D:/Unreal Projects/TopDownShooter/Content/TreatmentStation/Textures/Trim_Textures/T_Panel_2_B.ubulk" 1180
"D:/Unreal Projects/TopDownShooter/Content/TreatmentStation/Materials/MaterialInstance/MI_Trim_Panel_2.uasset" 1181
"D:/Unreal Projects/TopDownShooter/Content/TreatmentStation/Materials/MaterialInstance/MI_Trim_Panel_2.uexp" 1182
"D:/Unreal Projects/TopDownShooter/Content/TreatmentStation/Meshes/SM_Fence_2.uasset" 1183
"D:/Unreal Projects/TopDownShooter/Content/TreatmentStation/Meshes/SM_Fence_2.uexp" 1184
"D:/Unreal Projects/TopDownShooter/Content/TreatmentStation/Textures/T_Steel_1_ORM.uasset" 1185
"D:/Unreal Projects/TopDownShooter/Content/TreatmentStation/Textures/T_Steel_1_ORM.uexp" 1186
"D:/Unreal Projects/TopDownShooter/Content/TreatmentStation/Textures/T_Steel_1_ORM.ubulk" 1187
"D:/Unreal Projects/TopDownShooter/Content/TreatmentStation/Materials/MasterMaterial/M_Steel_1.uasset" 1188
"D:/Unreal Projects/TopDownShooter/Content/TreatmentStation/Materials/MasterMaterial/M_Steel_1.uexp" 1189
"D:/Unreal Projects/TopDownShooter/Content/TreatmentStation/Meshes/SM_Fan_1.uasset" 1190
"D:/Unreal Projects/TopDownShooter/Content/TreatmentStation/Meshes/SM_Fan_1.uexp" 1191
"D:/Unreal Projects/TopDownShooter/Content/TreatmentStation/Textures/Props/T_ElectricalBox_1_RMO.uasset" 1192
"D:/Unreal Projects/TopDownShooter/Content/TreatmentStation/Textures/Props/T_ElectricalBox_1_RMO.uexp" 1193
"D:/Unreal Projects/TopDownShooter/Content/TreatmentStation/Textures/Props/T_ElectricalBox_1_RMO.ubulk" 1194
"D:/Unreal Projects/TopDownShooter/Content/TreatmentStation/Textures/Props/T_ElectricalBox_1_N.uasset" 1195
"D:/Unreal Projects/TopDownShooter/Content/TreatmentStation/Textures/Props/T_ElectricalBox_1_N.uexp" 1196
"D:/Unreal Projects/TopDownShooter/Content/TreatmentStation/Textures/Props/T_ElectricalBox_1_N.ubulk" 1197
"D:/Unreal Projects/TopDownShooter/Content/TreatmentStation/Textures/Props/T_ElectricalBox_1_B.uasset" 1198
"D:/Unreal Projects/TopDownShooter/Content/TreatmentStation/Textures/Props/T_ElectricalBox_1_B.uexp" 1199
"D:/Unreal Projects/TopDownShooter/Content/TreatmentStation/Textures/Props/T_ElectricalBox_1_B.ubulk" 1200
"D:/Unreal Projects/TopDownShooter/Content/TreatmentStation/Materials/MasterMaterial/M_ElectricalBox_1.uasset" 1201
"D:/Unreal Projects/TopDownShooter/Content/TreatmentStation/Materials/MasterMaterial/M_ElectricalBox_1.uexp" 1202
"D:/Unreal Projects/TopDownShooter/Content/TreatmentStation/Meshes/SM_ElectricalBox_1.uasset" 1203
"D:/Unreal Projects/TopDownShooter/Content/TreatmentStation/Meshes/SM_ElectricalBox_1.uexp" 1204
"D:/Unreal Projects/TopDownShooter/Content/TreatmentStation/Textures/Trim_Textures/T_Trim_Pipe_1_B.uasset" 1205
"D:/Unreal Projects/TopDownShooter/Content/TreatmentStation/Textures/Trim_Textures/T_Trim_Pipe_1_B.uexp" 1206
"D:/Unreal Projects/TopDownShooter/Content/TreatmentStation/Textures/Trim_Textures/T_Trim_Pipe_1_B.ubulk" 1207
"D:/Unreal Projects/TopDownShooter/Content/TreatmentStation/Textures/Trim_Textures/T_Trim_Pipe_1_ORM.uasset" 1208
"D:/Unreal Projects/TopDownShooter/Content/TreatmentStation/Textures/Trim_Textures/T_Trim_Pipe_1_ORM.uexp" 1209
"D:/Unreal Projects/TopDownShooter/Content/TreatmentStation/Textures/Trim_Textures/T_Trim_Pipe_1_ORM.ubulk" 1210
"D:/Unreal Projects/TopDownShooter/Content/TreatmentStation/Materials/MaterialInstance/MI_Trim_Panel_7.uasset" 1211
"D:/Unreal Projects/TopDownShooter/Content/TreatmentStation/Materials/MaterialInstance/MI_Trim_Panel_7.uexp" 1212
"D:/Unreal Projects/TopDownShooter/Content/TreatmentStation/Meshes/SM_Building_2_Wall_7.uasset" 1213
"D:/Unreal Projects/TopDownShooter/Content/TreatmentStation/Meshes/SM_Building_2_Wall_7.uexp" 1214
"D:/Unreal Projects/TopDownShooter/Content/TreatmentStation/Textures/Props/T_Boxes_2_ORM.uasset" 1215
"D:/Unreal Projects/TopDownShooter/Content/TreatmentStation/Textures/Props/T_Boxes_2_ORM.uexp" 1216
"D:/Unreal Projects/TopDownShooter/Content/TreatmentStation/Textures/Props/T_Boxes_2_ORM.ubulk" 1217
"D:/Unreal Projects/TopDownShooter/Content/TreatmentStation/Textures/Props/T_Boxes_2_N.uasset" 1218
"D:/Unreal Projects/TopDownShooter/Content/TreatmentStation/Textures/Props/T_Boxes_2_N.uexp" 1219
"D:/Unreal Projects/TopDownShooter/Content/TreatmentStation/Textures/Props/T_Boxes_2_N.ubulk" 1220
"D:/Unreal Projects/TopDownShooter/Content/TreatmentStation/Textures/Props/T_Boxes_2_BC.uasset" 1221
"D:/Unreal Projects/TopDownShooter/Content/TreatmentStation/Textures/Props/T_Boxes_2_BC.uexp" 1222
"D:/Unreal Projects/TopDownShooter/Content/TreatmentStation/Textures/Props/T_Boxes_2_BC.ubulk" 1223
"D:/Unreal Projects/TopDownShooter/Content/TreatmentStation/Textures/Props/T_Barrels_V1_Metal_ORM.uasset" 1224
"D:/Unreal Projects/TopDownShooter/Content/TreatmentStation/Textures/Props/T_Barrels_V1_Metal_ORM.uexp" 1225
"D:/Unreal Projects/TopDownShooter/Content/TreatmentStation/Textures/Props/T_Barrels_V1_Metal_ORM.ubulk" 1226
"D:/Unreal Projects/TopDownShooter/Content/TreatmentStation/Textures/Props/T_Barrels_V1_Metal_N.uasset" 1227
"D:/Unreal Projects/TopDownShooter/Content/TreatmentStation/Textures/Props/T_Barrels_V1_Metal_N.uexp" 1228
"D:/Unreal Projects/TopDownShooter/Content/TreatmentStation/Textures/Props/T_Barrels_V1_Metal_N.ubulk" 1229
"D:/Unreal Projects/TopDownShooter/Content/TreatmentStation/Textures/Props/T_Barrels_V1_Metal_BC.uasset" 1230
"D:/Unreal Projects/TopDownShooter/Content/TreatmentStation/Textures/Props/T_Barrels_V1_Metal_BC.uexp" 1231
"D:/Unreal Projects/TopDownShooter/Content/TreatmentStation/Textures/Props/T_Barrels_V1_Metal_BC.ubulk" 1232
"../../../Engine/Content/Functions/Engine_MaterialFunctions01/ImageAdjustment/CheapContrast_RGB.uasset" 1233
"../../../Engine/Content/Functions/Engine_MaterialFunctions01/ImageAdjustment/CheapContrast_RGB.uexp" 1234
"D:/Unreal Projects/TopDownShooter/Content/TreatmentStation/Materials/MasterMaterial/M_Sub_1.uasset" 1235
"D:/Unreal Projects/TopDownShooter/Content/TreatmentStation/Materials/MasterMaterial/M_Sub_1.uexp" 1236
"D:/Unreal Projects/TopDownShooter/Content/TreatmentStation/Materials/MaterialInstance/MI_Boxes_2.uasset" 1237
"D:/Unreal Projects/TopDownShooter/Content/TreatmentStation/Materials/MaterialInstance/MI_Boxes_2.uexp" 1238
"D:/Unreal Projects/TopDownShooter/Content/TreatmentStation/Meshes/SM_Boxes_2.uasset" 1239
"D:/Unreal Projects/TopDownShooter/Content/TreatmentStation/Meshes/SM_Boxes_2.uexp" 1240
"D:/Unreal Projects/TopDownShooter/Content/TreatmentStation/Textures/Props/T_Boxes_1_ORM.uasset" 1241
"D:/Unreal Projects/TopDownShooter/Content/TreatmentStation/Textures/Props/T_Boxes_1_ORM.uexp" 1242
"D:/Unreal Projects/TopDownShooter/Content/TreatmentStation/Textures/Props/T_Boxes_1_ORM.ubulk" 1243
"D:/Unreal Projects/TopDownShooter/Content/TreatmentStation/Textures/Props/T_Boxes_1_N.uasset" 1244
"D:/Unreal Projects/TopDownShooter/Content/TreatmentStation/Textures/Props/T_Boxes_1_N.uexp" 1245
"D:/Unreal Projects/TopDownShooter/Content/TreatmentStation/Textures/Props/T_Boxes_1_N.ubulk" 1246
"D:/Unreal Projects/TopDownShooter/Content/TreatmentStation/Textures/Props/T_Boxes_1_BC.uasset" 1247
"D:/Unreal Projects/TopDownShooter/Content/TreatmentStation/Textures/Props/T_Boxes_1_BC.uexp" 1248
"D:/Unreal Projects/TopDownShooter/Content/TreatmentStation/Textures/Props/T_Boxes_1_BC.ubulk" 1249
"D:/Unreal Projects/TopDownShooter/Content/TreatmentStation/Materials/MaterialInstance/MI_Boxes_1.uasset" 1250
"D:/Unreal Projects/TopDownShooter/Content/TreatmentStation/Materials/MaterialInstance/MI_Boxes_1.uexp" 1251
"D:/Unreal Projects/TopDownShooter/Content/TreatmentStation/Meshes/SM_Boxes_1.uasset" 1252
"D:/Unreal Projects/TopDownShooter/Content/TreatmentStation/Meshes/SM_Boxes_1.uexp" 1253
"D:/Unreal Projects/TopDownShooter/Content/TreatmentStation/Materials/MasterMaterial/M_Black_1.uasset" 1254
"D:/Unreal Projects/TopDownShooter/Content/TreatmentStation/Materials/MasterMaterial/M_Black_1.uexp" 1255
"D:/Unreal Projects/TopDownShooter/Content/TreatmentStation/Textures/Props/T_Air_Compressor_1_A_RMO.uasset" 1256
"D:/Unreal Projects/TopDownShooter/Content/TreatmentStation/Textures/Props/T_Air_Compressor_1_A_RMO.uexp" 1257
"D:/Unreal Projects/TopDownShooter/Content/TreatmentStation/Textures/Props/T_Air_Compressor_1_A_RMO.ubulk" 1258
"D:/Unreal Projects/TopDownShooter/Content/TreatmentStation/Textures/Props/T_Air_Compressor_1_A_N.uasset" 1259
"D:/Unreal Projects/TopDownShooter/Content/TreatmentStation/Textures/Props/T_Air_Compressor_1_A_N.uexp" 1260
"D:/Unreal Projects/TopDownShooter/Content/TreatmentStation/Textures/Props/T_Air_Compressor_1_A_N.ubulk" 1261
"D:/Unreal Projects/TopDownShooter/Content/TreatmentStation/Textures/Props/T_Air_Compressor_1_A_B.uasset" 1262
"D:/Unreal Projects/TopDownShooter/Content/TreatmentStation/Textures/Props/T_Air_Compressor_1_A_B.uexp" 1263
"D:/Unreal Projects/TopDownShooter/Content/TreatmentStation/Textures/Props/T_Air_Compressor_1_A_B.ubulk" 1264
"D:/Unreal Projects/TopDownShooter/Content/TreatmentStation/Materials/MasterMaterial/M_Air_Compressor_1_A.uasset" 1265
"D:/Unreal Projects/TopDownShooter/Content/TreatmentStation/Materials/MasterMaterial/M_Air_Compressor_1_A.uexp" 1266
"D:/Unreal Projects/TopDownShooter/Content/TreatmentStation/Textures/Props/T_Air_Compressor_1_RMO.uasset" 1267
"D:/Unreal Projects/TopDownShooter/Content/TreatmentStation/Textures/Props/T_Air_Compressor_1_RMO.uexp" 1268
"D:/Unreal Projects/TopDownShooter/Content/TreatmentStation/Textures/Props/T_Air_Compressor_1_RMO.ubulk" 1269
"D:/Unreal Projects/TopDownShooter/Content/TreatmentStation/Textures/Props/T_Air_Compressor_1_N.uasset" 1270
"D:/Unreal Projects/TopDownShooter/Content/TreatmentStation/Textures/Props/T_Air_Compressor_1_N.uexp" 1271
"D:/Unreal Projects/TopDownShooter/Content/TreatmentStation/Textures/Props/T_Air_Compressor_1_N.ubulk" 1272
"D:/Unreal Projects/TopDownShooter/Content/TreatmentStation/Textures/Props/T_Air_Compressor_1_B.uasset" 1273
"D:/Unreal Projects/TopDownShooter/Content/TreatmentStation/Textures/Props/T_Air_Compressor_1_B.uexp" 1274
"D:/Unreal Projects/TopDownShooter/Content/TreatmentStation/Textures/Props/T_Air_Compressor_1_B.ubulk" 1275
"D:/Unreal Projects/TopDownShooter/Content/TreatmentStation/Materials/MasterMaterial/M_Air_Compressor_1.uasset" 1276
"D:/Unreal Projects/TopDownShooter/Content/TreatmentStation/Materials/MasterMaterial/M_Air_Compressor_1.uexp" 1277
"D:/Unreal Projects/TopDownShooter/Content/TreatmentStation/Meshes/SM_Air_Compressor_1.uasset" 1278
"D:/Unreal Projects/TopDownShooter/Content/TreatmentStation/Meshes/SM_Air_Compressor_1.uexp" 1279
"D:/Unreal Projects/TopDownShooter/Content/Map/TopDownExampleMap_BuiltData.uasset" 1280
"D:/Unreal Projects/TopDownShooter/Content/Map/TopDownExampleMap_BuiltData.uexp" 1281
"D:/Unreal Projects/TopDownShooter/Content/Map/TopDownExampleMap_BuiltData.ubulk" 1282
"D:/Unreal Projects/TopDownShooter/Content/TreatmentStation/Materials/MaterialInstance/MI_Adv_Trim_A.uasset" 1283
"D:/Unreal Projects/TopDownShooter/Content/TreatmentStation/Materials/MaterialInstance/MI_Adv_Trim_A.uexp" 1284
"D:/Unreal Projects/TopDownShooter/Content/TreatmentStation/Meshes/SM_Pipe1_Cv.uasset" 1285
"D:/Unreal Projects/TopDownShooter/Content/TreatmentStation/Meshes/SM_Pipe1_Cv.uexp" 1286
"D:/Unreal Projects/TopDownShooter/Content/TreatmentStation/Textures/Trim_Textures/T_Panel_3_ORM.uasset" 1287
"D:/Unreal Projects/TopDownShooter/Content/TreatmentStation/Textures/Trim_Textures/T_Panel_3_ORM.uexp" 1288
"D:/Unreal Projects/TopDownShooter/Content/TreatmentStation/Textures/Trim_Textures/T_Panel_3_ORM.ubulk" 1289
"D:/Unreal Projects/TopDownShooter/Content/TreatmentStation/Textures/Trim_Textures/T_Panel_3_N.uasset" 1290
"D:/Unreal Projects/TopDownShooter/Content/TreatmentStation/Textures/Trim_Textures/T_Panel_3_N.uexp" 1291
"D:/Unreal Projects/TopDownShooter/Content/TreatmentStation/Textures/Trim_Textures/T_Panel_3_N.ubulk" 1292
"D:/Unreal Projects/TopDownShooter/Content/TreatmentStation/Textures/Trim_Textures/T_Panel_3_B.uasset" 1293
"D:/Unreal Projects/TopDownShooter/Content/TreatmentStation/Textures/Trim_Textures/T_Panel_3_B.uexp" 1294
"D:/Unreal Projects/TopDownShooter/Content/TreatmentStation/Textures/Trim_Textures/T_Panel_3_B.ubulk" 1295
"D:/Unreal Projects/TopDownShooter/Content/TreatmentStation/Materials/MaterialInstance/MI_Trim_Panel_3.uasset" 1296
"D:/Unreal Projects/TopDownShooter/Content/TreatmentStation/Materials/MaterialInstance/MI_Trim_Panel_3.uexp" 1297
"D:/Unreal Projects/TopDownShooter/Content/TreatmentStation/Meshes/SM_Antenna_2.uasset" 1298
"D:/Unreal Projects/TopDownShooter/Content/TreatmentStation/Meshes/SM_Antenna_2.uexp" 1299
"D:/Unreal Projects/TopDownShooter/Content/Blueprint/Weapons/BP_Target.uasset" 1300
"D:/Unreal Projects/TopDownShooter/Content/Blueprint/Weapons/BP_Target.uexp" 1301
"D:/Unreal Projects/TopDownShooter/Content/Enviroment/Geometry/Meshes/CubeMaterial.uasset" 1302
"D:/Unreal Projects/TopDownShooter/Content/Enviroment/Geometry/Meshes/CubeMaterial.uexp" 1303
"D:/Unreal Projects/TopDownShooter/Content/Enviroment/Geometry/Meshes/1M_Cube.uasset" 1304
"D:/Unreal Projects/TopDownShooter/Content/Enviroment/Geometry/Meshes/1M_Cube.uexp" 1305
"D:/Unreal Projects/TopDownShooter/Content/TreatmentStation/Meshes/SM_Wall_Door_1.uasset" 1306
"D:/Unreal Projects/TopDownShooter/Content/TreatmentStation/Meshes/SM_Wall_Door_1.uexp" 1307
"D:/Unreal Projects/TopDownShooter/Content/TreatmentStation/Meshes/SM_Building_2_Wall_1.uasset" 1308
"D:/Unreal Projects/TopDownShooter/Content/TreatmentStation/Meshes/SM_Building_2_Wall_1.uexp" 1309
"D:/Unreal Projects/TopDownShooter/Content/Free_Sounds_Pack/wav/Wood_Move_2-1.uasset" 1310
"D:/Unreal Projects/TopDownShooter/Content/Free_Sounds_Pack/wav/Wood_Move_2-1.uexp" 1311
"D:/Unreal Projects/TopDownShooter/Content/Free_Sounds_Pack/cue/Wood_Move_2-1_Cue.uasset" 1312
"D:/Unreal Projects/TopDownShooter/Content/Free_Sounds_Pack/cue/Wood_Move_2-1_Cue.uexp" 1313
"../../../Engine/Plugins/FX/Niagara/Content/Enums/ENiagaraVector4_Channels.uasset" 1314
"../../../Engine/Plugins/FX/Niagara/Content/Enums/ENiagaraVector4_Channels.uexp" 1315
"../../../Engine/Plugins/FX/Niagara/Content/Enums/ENiagaraTorusMode.uasset" 1316
"../../../Engine/Plugins/FX/Niagara/Content/Enums/ENiagaraTorusMode.uexp" 1317
"../../../Engine/Plugins/FX/Niagara/Content/Enums/ENiagaraTorusDistributionMode.uasset" 1318
"../../../Engine/Plugins/FX/Niagara/Content/Enums/ENiagaraTorusDistributionMode.uexp" 1319
"../../../Engine/Plugins/FX/Niagara/Content/Enums/ENiagaraRestitutionMergeType.uasset" 1320
"../../../Engine/Plugins/FX/Niagara/Content/Enums/ENiagaraRestitutionMergeType.uexp" 1321
"../../../Engine/Plugins/FX/Niagara/Content/Enums/ENiagaraMeshTransforms.uasset" 1322
"../../../Engine/Plugins/FX/Niagara/Content/Enums/ENiagaraMeshTransforms.uexp" 1323
"../../../Engine/Plugins/FX/Niagara/Content/Enums/ENiagaraFrictionMergeType.uasset" 1324
"../../../Engine/Plugins/FX/Niagara/Content/Enums/ENiagaraFrictionMergeType.uexp" 1325
"../../../Engine/Plugins/FX/Niagara/Content/Enums/ENiagaraCollisionRadiusOptions.uasset" 1326
"../../../Engine/Plugins/FX/Niagara/Content/Enums/ENiagaraCollisionRadiusOptions.uexp" 1327
"../../../Engine/Plugins/FX/Niagara/Content/Enums/ENiagaraCalculateRadiusOptions.uasset" 1328
"../../../Engine/Plugins/FX/Niagara/Content/Enums/ENiagaraCalculateRadiusOptions.uexp" 1329
"../../../Engine/Plugins/FX/Niagara/Content/Enums/ENiagara_GPUCollisionType.uasset" 1330
"../../../Engine/Plugins/FX/Niagara/Content/Enums/ENiagara_GPUCollisionType.uexp" 1331
"../../../Engine/Plugins/FX/Niagara/Content/Enums/ENiagara_CPUCollisionType.uasset" 1332
"../../../Engine/Plugins/FX/Niagara/Content/Enums/ENiagara_CPUCollisionType.uexp" 1333
"../../../Engine/Plugins/FX/Niagara/Content/Functions/Rotation/AxisAngleToQuaternion.uasset" 1334
"../../../Engine/Plugins/FX/Niagara/Content/Functions/Rotation/AxisAngleToQuaternion.uexp" 1335
"../../../Engine/Plugins/FX/Niagara/Content/Functions/Rotation/MultiplyQuaternion.uasset" 1336
"../../../Engine/Plugins/FX/Niagara/Content/Functions/Rotation/MultiplyQuaternion.uexp" 1337
"../../../Engine/Plugins/FX/Niagara/Content/Functions/DirectionAndLengthSafe.uasset" 1338
"../../../Engine/Plugins/FX/Niagara/Content/Functions/DirectionAndLengthSafe.uexp" 1339
"../../../Engine/Plugins/FX/Niagara/Content/Modules/Solvers/ApplyRotationVector.uasset" 1340
"../../../Engine/Plugins/FX/Niagara/Content/Modules/Solvers/ApplyRotationVector.uexp" 1341
"../../../Engine/Plugins/FX/Niagara/Content/Functions/Localspace/TransformBase.uasset" 1342
"../../../Engine/Plugins/FX/Niagara/Content/Functions/Localspace/TransformBase.uexp" 1343
"../../../Engine/Plugins/FX/Niagara/Content/Functions/Localspace/TransformVector.uasset" 1344
"../../../Engine/Plugins/FX/Niagara/Content/Functions/Localspace/TransformVector.uexp" 1345
"../../../Engine/Plugins/FX/Niagara/Content/Modules/Update/Orientation/V3/UpdateMeshOrientation.uasset" 1346
"../../../Engine/Plugins/FX/Niagara/Content/Modules/Update/Orientation/V3/UpdateMeshOrientation.uexp" 1347
"../../../Engine/Plugins/FX/Niagara/Content/Modules/Update/Orientation/SpriteRotationRate.uasset" 1348
"../../../Engine/Plugins/FX/Niagara/Content/Modules/Update/Orientation/SpriteRotationRate.uexp" 1349
"../../../Engine/Plugins/FX/Niagara/Content/Functions/Rotation/MultiplyVectorWithQuaternion.uasset" 1350
"../../../Engine/Plugins/FX/Niagara/Content/Functions/Rotation/MultiplyVectorWithQuaternion.uexp" 1351
"../../../Engine/Plugins/FX/Niagara/Content/Modules/Update/Orientation/AlignSpriteToMeshOrientation.uasset" 1352
"../../../Engine/Plugins/FX/Niagara/Content/Modules/Update/Orientation/AlignSpriteToMeshOrientation.uexp" 1353
"../../../Engine/Plugins/FX/Niagara/Content/Modules/Update/Forces/GravityForce.uasset" 1354
"../../../Engine/Plugins/FX/Niagara/Content/Modules/Update/Forces/GravityForce.uexp" 1355
"../../../Engine/Plugins/FX/Niagara/Content/Modules/Update/Camera/CameraOffset.uasset" 1356
"../../../Engine/Plugins/FX/Niagara/Content/Modules/Update/Camera/CameraOffset.uexp" 1357
"../../../Engine/Plugins/FX/Niagara/Content/Functions/Rotation/FindQuatBetween.uasset" 1358
"../../../Engine/Plugins/FX/Niagara/Content/Functions/Rotation/FindQuatBetween.uexp" 1359
"../../../Engine/Plugins/FX/Niagara/Content/Modules/Spawn/Orientation/V3/InitialMeshOrientation.uasset" 1360
"../../../Engine/Plugins/FX/Niagara/Content/Modules/Spawn/Orientation/V3/InitialMeshOrientation.uexp" 1361
"../../../Engine/Plugins/FX/Niagara/Content/Enums/ENiagaraRandomnessMode.uasset" 1362
"../../../Engine/Plugins/FX/Niagara/Content/Enums/ENiagaraRandomnessMode.uexp" 1363
"../../../Engine/Plugins/FX/Niagara/Content/Functions/GetRandomInfo.uasset" 1364
"../../../Engine/Plugins/FX/Niagara/Content/Functions/GetRandomInfo.uexp" 1365
"../../../Engine/Plugins/FX/Niagara/Content/Functions/RandomRange.uasset" 1366
"../../../Engine/Plugins/FX/Niagara/Content/Functions/RandomRange.uexp" 1367
"../../../Engine/Plugins/FX/Niagara/Content/Functions/PolarToCartesianCoordinates.uasset" 1368
"../../../Engine/Plugins/FX/Niagara/Content/Functions/PolarToCartesianCoordinates.uexp" 1369
"../../../Engine/Plugins/FX/Niagara/Content/Functions/ParametricTorusKnot.uasset" 1370
"../../../Engine/Plugins/FX/Niagara/Content/Functions/ParametricTorusKnot.uexp" 1371
"../../../Engine/Plugins/FX/Niagara/Content/Functions/ParametricTorus.uasset" 1372
"../../../Engine/Plugins/FX/Niagara/Content/Functions/ParametricTorus.uexp" 1373
"../../../Engine/Plugins/FX/Niagara/Content/Functions/Localspace/SimulationPosition.uasset" 1374
"../../../Engine/Plugins/FX/Niagara/Content/Functions/Localspace/SimulationPosition.uexp" 1375
"../../../Engine/Plugins/FX/Niagara/Content/Modules/Spawn/Location/TorusLocation.uasset" 1376
"../../../Engine/Plugins/FX/Niagara/Content/Modules/Spawn/Location/TorusLocation.uexp" 1377
"../../../Engine/Plugins/FX/Niagara/Content/Modules/Collision/SceneDepthTest.uasset" 1378
"../../../Engine/Plugins/FX/Niagara/Content/Modules/Collision/SceneDepthTest.uexp" 1379
"../../../Engine/Plugins/FX/Niagara/Content/Modules/Collision/NiagaraDistanceFieldCollisions.uasset" 1380
"../../../Engine/Plugins/FX/Niagara/Content/Modules/Collision/NiagaraDistanceFieldCollisions.uexp" 1381
"../../../Engine/Plugins/FX/Niagara/Content/Functions/RandomRangeFloat.uasset" 1382
"../../../Engine/Plugins/FX/Niagara/Content/Functions/RandomRangeFloat.uexp" 1383
"../../../Engine/Plugins/FX/Niagara/Content/Functions/Collision/RandomizeCollisionNormals.uasset" 1384
"../../../Engine/Plugins/FX/Niagara/Content/Functions/Collision/RandomizeCollisionNormals.uexp" 1385
"../../../Engine/Plugins/FX/Niagara/Content/Functions/Collision/PlaneSphereCollisionDetection.uasset" 1386
"../../../Engine/Plugins/FX/Niagara/Content/Functions/Collision/PlaneSphereCollisionDetection.uexp" 1387
"../../../Engine/Plugins/FX/Niagara/Content/Functions/ReflectVector.uasset" 1388
"../../../Engine/Plugins/FX/Niagara/Content/Functions/ReflectVector.uexp" 1389
"../../../Engine/Plugins/FX/Niagara/Content/Functions/ProjectVectorOnPlane.uasset" 1390
"../../../Engine/Plugins/FX/Niagara/Content/Functions/ProjectVectorOnPlane.uexp" 1391
"../../../Engine/Plugins/FX/Niagara/Content/Functions/Math/CentimeterMeterConversion.uasset" 1392
"../../../Engine/Plugins/FX/Niagara/Content/Functions/Math/CentimeterMeterConversion.uexp" 1393
"../../../Engine/Plugins/FX/Niagara/Content/Modules/Collision/CollisionQueryAndResponse.uasset" 1394
"../../../Engine/Plugins/FX/Niagara/Content/Modules/Collision/CollisionQueryAndResponse.uexp" 1395
"../../../Engine/Plugins/FX/Niagara/Content/Functions/Helpers/DoOnce_fn.uasset" 1396
"../../../Engine/Plugins/FX/Niagara/Content/Functions/Helpers/DoOnce_fn.uexp" 1397
"../../../Engine/Plugins/FX/Niagara/Content/Functions/CalculateRadiusFromSpriteSize.uasset" 1398
"../../../Engine/Plugins/FX/Niagara/Content/Functions/CalculateRadiusFromSpriteSize.uexp" 1399
"../../../Engine/Plugins/FX/Niagara/Content/Functions/CalculateMeshRadius.uasset" 1400
"../../../Engine/Plugins/FX/Niagara/Content/Functions/CalculateMeshRadius.uexp" 1401
"../../../Engine/Plugins/FX/Niagara/Content/Functions/Localspace/TransformPosition.uasset" 1402
"../../../Engine/Plugins/FX/Niagara/Content/Functions/Localspace/TransformPosition.uexp" 1403
"../../../Engine/Plugins/FX/Niagara/Content/Modules/Solvers/SolveForcesAndVelocity.uasset" 1404
"../../../Engine/Plugins/FX/Niagara/Content/Modules/Solvers/SolveForcesAndVelocity.uexp" 1405
"../../../Engine/Plugins/FX/Niagara/Content/Modules/Collision/Collision.uasset" 1406
"../../../Engine/Plugins/FX/Niagara/Content/Modules/Collision/Collision.uexp" 1407
"../../../Engine/Plugins/FX/Niagara/Content/DynamicInputs/TypeConversions/MakeVector4_FromFloat.uasset" 1408
"../../../Engine/Plugins/FX/Niagara/Content/DynamicInputs/TypeConversions/MakeVector4_FromFloat.uexp" 1409
"../../../Engine/Plugins/FX/Niagara/Content/Functions/ChannelMasks/SelectV4Channel.uasset" 1410
"../../../Engine/Plugins/FX/Niagara/Content/Functions/ChannelMasks/SelectV4Channel.uexp" 1411
"../../../Engine/Plugins/FX/Niagara/Content/DynamicInputs/TypeConversions/MakeFloatFromVector4.uasset" 1412
"../../../Engine/Plugins/FX/Niagara/Content/DynamicInputs/TypeConversions/MakeFloatFromVector4.uexp" 1413
"../../../Engine/Plugins/FX/Niagara/Content/DynamicInputs/Multiply/Multiply_Float.uasset" 1414
"../../../Engine/Plugins/FX/Niagara/Content/DynamicInputs/Multiply/Multiply_Float.uexp" 1415
"../../../Engine/Plugins/FX/Niagara/Content/DynamicInputs/LinearColor/MultiplyLinearColor.uasset" 1416
"../../../Engine/Plugins/FX/Niagara/Content/DynamicInputs/LinearColor/MultiplyLinearColor.uexp" 1417
"../../../Engine/Plugins/FX/Niagara/Content/DynamicInputs/LinearColor/MakeVector4_FromLinearColor.uasset" 1418
"../../../Engine/Plugins/FX/Niagara/Content/DynamicInputs/LinearColor/MakeVector4_FromLinearColor.uexp" 1419
"../../../Engine/Plugins/FX/Niagara/Content/Functions/NormalizedExecutionIndex.uasset" 1420
"../../../Engine/Plugins/FX/Niagara/Content/Functions/NormalizedExecutionIndex.uexp" 1421
"../../../Engine/Plugins/FX/Niagara/Content/DynamicInputs/Execution/ReturnNormalizedExecIndex.uasset" 1422
"../../../Engine/Plugins/FX/Niagara/Content/DynamicInputs/Execution/ReturnNormalizedExecIndex.uexp" 1423
"../../../Engine/Plugins/FX/Niagara/Content/Functions/Helpers/AdvancePositionWithAcceleration.uasset" 1424
"../../../Engine/Plugins/FX/Niagara/Content/Functions/Helpers/AdvancePositionWithAcceleration.uexp" 1425
"../../../Engine/Plugins/FX/Niagara/Content/DefaultAssets/Structs/LocationEvent_V2.uasset" 1426
"../../../Engine/Plugins/FX/Niagara/Content/DefaultAssets/Structs/LocationEvent_V2.uexp" 1427
"../../../Engine/Plugins/FX/Niagara/Content/Enums/ENiagaraRandomnessEvaluation.uasset" 1428
"../../../Engine/Plugins/FX/Niagara/Content/Enums/ENiagaraRandomnessEvaluation.uexp" 1429
"../../../Engine/Plugins/FX/Niagara/Content/Functions/V2/CalculateRandomRangeFloat.uasset" 1430
"../../../Engine/Plugins/FX/Niagara/Content/Functions/V2/CalculateRandomRangeFloat.uexp" 1431
"../../../Engine/Plugins/FX/Niagara/Content/Modules/Events/GenerateDeathEvent.uasset" 1432
"../../../Engine/Plugins/FX/Niagara/Content/Modules/Events/GenerateDeathEvent.uexp" 1433
"../../../Engine/Plugins/FX/Niagara/Content/VectorFields/Assets/TilingCurl32.uasset" 1434
"../../../Engine/Plugins/FX/Niagara/Content/VectorFields/Assets/TilingCurl32.uexp" 1435
"../../../Engine/Plugins/FX/Niagara/Content/Enums/ENiagaraSystemInactiveMode.uasset" 1436
"../../../Engine/Plugins/FX/Niagara/Content/Enums/ENiagaraSystemInactiveMode.uexp" 1437
"../../../Engine/Plugins/FX/Niagara/Content/Enums/ENiagaraSphereDistributionMode.uasset" 1438
"../../../Engine/Plugins/FX/Niagara/Content/Enums/ENiagaraSphereDistributionMode.uexp" 1439
"../../../Engine/Plugins/FX/Niagara/Content/Enums/ENiagaraScaleColorMode.uasset" 1440
"../../../Engine/Plugins/FX/Niagara/Content/Enums/ENiagaraScaleColorMode.uexp" 1441
"../../../Engine/Plugins/FX/Niagara/Content/Enums/ENiagaraInactiveMode.uasset" 1442
"../../../Engine/Plugins/FX/Niagara/Content/Enums/ENiagaraInactiveMode.uexp" 1443
"../../../Engine/Plugins/FX/Niagara/Content/Enums/ENiagaraExpansionMode.uasset" 1444
"../../../Engine/Plugins/FX/Niagara/Content/Enums/ENiagaraExpansionMode.uexp" 1445
"../../../Engine/Plugins/FX/Niagara/Content/Enums/ENiagaraEmitterScalabilityMode_Limited.uasset" 1446
"../../../Engine/Plugins/FX/Niagara/Content/Enums/ENiagaraEmitterScalabilityMode_Limited.uexp" 1447
"../../../Engine/Plugins/FX/Niagara/Content/Enums/ENiagaraEmitterLifeCycleMode.uasset" 1448
"../../../Engine/Plugins/FX/Niagara/Content/Enums/ENiagaraEmitterLifeCycleMode.uexp" 1449
"../../../Engine/Plugins/FX/Niagara/Content/Enums/ENiagaraCurlNoiseQuality.uasset" 1450
"../../../Engine/Plugins/FX/Niagara/Content/Enums/ENiagaraCurlNoiseQuality.uexp" 1451
"../../../Engine/Plugins/FX/Niagara/Content/Enums/ENiagaraCoordinateSpace.uasset" 1452
"../../../Engine/Plugins/FX/Niagara/Content/Enums/ENiagaraCoordinateSpace.uexp" 1453
"../../../Engine/Plugins/FX/Niagara/Content/Enums/ENiagaraChannelCorrelation.uasset" 1454
"../../../Engine/Plugins/FX/Niagara/Content/Enums/ENiagaraChannelCorrelation.uexp" 1455
"../../../Engine/Plugins/FX/Niagara/Content/Enums/ENiagara_UVFlippingMode.uasset" 1456
"../../../Engine/Plugins/FX/Niagara/Content/Enums/ENiagara_UVFlippingMode.uexp" 1457
"../../../Engine/Plugins/FX/Niagara/Content/Enums/ENiagara_SpriteRotationMode.uasset" 1458
"../../../Engine/Plugins/FX/Niagara/Content/Enums/ENiagara_SpriteRotationMode.uexp" 1459
"D:/Unreal Projects/TopDownShooter/Content/Mixed_Magic_VFX_Pack/Textures/T_Noise_9.uasset" 1460
"D:/Unreal Projects/TopDownShooter/Content/Mixed_Magic_VFX_Pack/Textures/T_Noise_9.uexp" 1461
"D:/Unreal Projects/TopDownShooter/Content/Mixed_Magic_VFX_Pack/Textures/T_Noise_9.ubulk" 1462
"D:/Unreal Projects/TopDownShooter/Content/Mixed_Magic_VFX_Pack/Textures/T_Noise_14.uasset" 1463
"D:/Unreal Projects/TopDownShooter/Content/Mixed_Magic_VFX_Pack/Textures/T_Noise_14.uexp" 1464
"D:/Unreal Projects/TopDownShooter/Content/Mixed_Magic_VFX_Pack/Textures/T_Noise_14.ubulk" 1465
"D:/Unreal Projects/TopDownShooter/Content/Mixed_Magic_VFX_Pack/Textures/T_Noise_2.uasset" 1466
"D:/Unreal Projects/TopDownShooter/Content/Mixed_Magic_VFX_Pack/Textures/T_Noise_2.uexp" 1467
"D:/Unreal Projects/TopDownShooter/Content/Mixed_Magic_VFX_Pack/Textures/T_Noise_2.ubulk" 1468
"D:/Unreal Projects/TopDownShooter/Content/Mixed_Magic_VFX_Pack/Textures/T_Noise_3.uasset" 1469
"D:/Unreal Projects/TopDownShooter/Content/Mixed_Magic_VFX_Pack/Textures/T_Noise_3.uexp" 1470
"D:/Unreal Projects/TopDownShooter/Content/Mixed_Magic_VFX_Pack/Textures/T_Noise_3.ubulk" 1471
"../../../Engine/Content/Functions/Engine_MaterialFunctions02/Texturing/ScreenAlignedPixelToPixelUVs.uasset" 1472
"../../../Engine/Content/Functions/Engine_MaterialFunctions02/Texturing/ScreenAlignedPixelToPixelUVs.uexp" 1473
"D:/Unreal Projects/TopDownShooter/Content/Mixed_Magic_VFX_Pack/Function/MF_Dither.uasset" 1474
"D:/Unreal Projects/TopDownShooter/Content/Mixed_Magic_VFX_Pack/Function/MF_Dither.uexp" 1475
"D:/Unreal Projects/TopDownShooter/Content/Mixed_Magic_VFX_Pack/Materials/Main_Materials/M_Rock.uasset" 1476
"D:/Unreal Projects/TopDownShooter/Content/Mixed_Magic_VFX_Pack/Materials/Main_Materials/M_Rock.uexp" 1477
"D:/Unreal Projects/TopDownShooter/Content/Mixed_Magic_VFX_Pack/Materials/Instance_Materials/MI_Rock_Inst_5.uasset" 1478
"D:/Unreal Projects/TopDownShooter/Content/Mixed_Magic_VFX_Pack/Materials/Instance_Materials/MI_Rock_Inst_5.uexp" 1479
"D:/Unreal Projects/TopDownShooter/Content/Mixed_Magic_VFX_Pack/Textures/T_Basic_Tile.uasset" 1480
"D:/Unreal Projects/TopDownShooter/Content/Mixed_Magic_VFX_Pack/Textures/T_Basic_Tile.uexp" 1481
"D:/Unreal Projects/TopDownShooter/Content/Mixed_Magic_VFX_Pack/Textures/T_Basic_Tile.ubulk" 1482
"D:/Unreal Projects/TopDownShooter/Content/Mixed_Magic_VFX_Pack/Materials/Main_Materials/M_Basic_Tile.uasset" 1483
"D:/Unreal Projects/TopDownShooter/Content/Mixed_Magic_VFX_Pack/Materials/Main_Materials/M_Basic_Tile.uexp" 1484
"D:/Unreal Projects/TopDownShooter/Content/Mixed_Magic_VFX_Pack/Materials/Instance_Materials/MI_Basic_Tile_Inst_1.uasset" 1485
"D:/Unreal Projects/TopDownShooter/Content/Mixed_Magic_VFX_Pack/Materials/Instance_Materials/MI_Basic_Tile_Inst_1.uexp" 1486
"D:/Unreal Projects/TopDownShooter/Content/Mixed_Magic_VFX_Pack/Static_Meshes/SM_3.uasset" 1487
"D:/Unreal Projects/TopDownShooter/Content/Mixed_Magic_VFX_Pack/Static_Meshes/SM_3.uexp" 1488
"D:/Unreal Projects/TopDownShooter/Content/Mixed_Magic_VFX_Pack/Materials/Main_Materials/M_Ring.uasset" 1489
"D:/Unreal Projects/TopDownShooter/Content/Mixed_Magic_VFX_Pack/Materials/Main_Materials/M_Ring.uexp" 1490
"D:/Unreal Projects/TopDownShooter/Content/Mixed_Magic_VFX_Pack/Materials/Instance_Materials/MI_Ring_Inst_3.uasset" 1491
"D:/Unreal Projects/TopDownShooter/Content/Mixed_Magic_VFX_Pack/Materials/Instance_Materials/MI_Ring_Inst_3.uexp" 1492
"../../../Engine/Content/Functions/Engine_MaterialFunctions01/Gradient/SphereGradient-2D.uasset" 1493
"../../../Engine/Content/Functions/Engine_MaterialFunctions01/Gradient/SphereGradient-2D.uexp" 1494
"D:/Unreal Projects/TopDownShooter/Content/Mixed_Magic_VFX_Pack/Materials/Main_Materials/M_Flare.uasset" 1495
"D:/Unreal Projects/TopDownShooter/Content/Mixed_Magic_VFX_Pack/Materials/Main_Materials/M_Flare.uexp" 1496
"D:/Unreal Projects/TopDownShooter/Content/Mixed_Magic_VFX_Pack/Materials/Instance_Materials/MI_Flare_Inst_3.uasset" 1497
"D:/Unreal Projects/TopDownShooter/Content/Mixed_Magic_VFX_Pack/Materials/Instance_Materials/MI_Flare_Inst_3.uexp" 1498
"D:/Unreal Projects/TopDownShooter/Content/Mixed_Magic_VFX_Pack/Textures/T_Shape_16.uasset" 1499
"D:/Unreal Projects/TopDownShooter/Content/Mixed_Magic_VFX_Pack/Textures/T_Shape_16.uexp" 1500
"D:/Unreal Projects/TopDownShooter/Content/Mixed_Magic_VFX_Pack/Textures/T_Shape_16.ubulk" 1501
"../../../Engine/Content/Functions/Engine_MaterialFunctions02/Texturing/WorldPositionWithScale.uasset" 1502
"../../../Engine/Content/Functions/Engine_MaterialFunctions02/Texturing/WorldPositionWithScale.uexp" 1503
"../../../Engine/Content/Functions/Engine_MaterialFunctions02/UVs/WorldPositionBehindTranslucency.uasset" 1504
"../../../Engine/Content/Functions/Engine_MaterialFunctions02/UVs/WorldPositionBehindTranslucency.uexp" 1505
"D:/Unreal Projects/TopDownShooter/Content/Mixed_Magic_VFX_Pack/Materials/Main_Materials/M_Decal_Black.uasset" 1506
"D:/Unreal Projects/TopDownShooter/Content/Mixed_Magic_VFX_Pack/Materials/Main_Materials/M_Decal_Black.uexp" 1507
"D:/Unreal Projects/TopDownShooter/Content/Mixed_Magic_VFX_Pack/Materials/Instance_Materials/MI_Decal_Black_Inst_1.uasset" 1508
"D:/Unreal Projects/TopDownShooter/Content/Mixed_Magic_VFX_Pack/Materials/Instance_Materials/MI_Decal_Black_Inst_1.uexp" 1509
"../../../Engine/Plugins/FX/Niagara/Content/Enums/ENiagara_SizeScaleMode.uasset" 1510
"../../../Engine/Plugins/FX/Niagara/Content/Enums/ENiagara_SizeScaleMode.uexp" 1511
"../../../Engine/Plugins/FX/Niagara/Content/Enums/ENiagara_PositionInitializationMode.uasset" 1512
"../../../Engine/Plugins/FX/Niagara/Content/Enums/ENiagara_PositionInitializationMode.uexp" 1513
"../../../Engine/Plugins/FX/Niagara/Content/Enums/ENiagara_MassInitializationMode.uasset" 1514
"../../../Engine/Plugins/FX/Niagara/Content/Enums/ENiagara_MassInitializationMode.uexp" 1515
"../../../Engine/Plugins/FX/Niagara/Content/Enums/ENiagara_LifetimeMode.uasset" 1516
"../../../Engine/Plugins/FX/Niagara/Content/Enums/ENiagara_LifetimeMode.uexp" 1517
"../../../Engine/Plugins/FX/Niagara/Content/Enums/ENiagara_InfiniteLoopDuration.uasset" 1518
"../../../Engine/Plugins/FX/Niagara/Content/Enums/ENiagara_InfiniteLoopDuration.uexp" 1519
"../../../Engine/Plugins/FX/Niagara/Content/Enums/ENiagara_EmitterStateOptions.uasset" 1520
"../../../Engine/Plugins/FX/Niagara/Content/Enums/ENiagara_EmitterStateOptions.uexp" 1521
"../../../Engine/Plugins/FX/Niagara/Content/Enums/ENiagara_ColorInitializationMode.uasset" 1522
"../../../Engine/Plugins/FX/Niagara/Content/Enums/ENiagara_ColorInitializationMode.uexp" 1523
"../../../Engine/Plugins/FX/Niagara/Content/Enums/SpriteRenderer/ENiagara_ScaleSpriteSize.uasset" 1524
"../../../Engine/Plugins/FX/Niagara/Content/Enums/SpriteRenderer/ENiagara_ScaleSpriteSize.uexp" 1525
"../../../Engine/Plugins/FX/Niagara/Content/Modules/Update/Size/ScaleSpriteSize.uasset" 1526
"../../../Engine/Plugins/FX/Niagara/Content/Modules/Update/Size/ScaleSpriteSize.uexp" 1527
"../../../Engine/Plugins/FX/Niagara/Content/Modules/Update/Size/ScaleMeshSize.uasset" 1528
"../../../Engine/Plugins/FX/Niagara/Content/Modules/Update/Size/ScaleMeshSize.uexp" 1529
"../../../Engine/Plugins/FX/Niagara/Content/Modules/Update/Lifetime/ParticleState.uasset" 1530
"../../../Engine/Plugins/FX/Niagara/Content/Modules/Update/Lifetime/ParticleState.uexp" 1531
"../../../Engine/Plugins/FX/Niagara/Content/VectorFields/Assets/TilingCurl64.uasset" 1532
"../../../Engine/Plugins/FX/Niagara/Content/VectorFields/Assets/TilingCurl64.uexp" 1533
"../../../Engine/Plugins/FX/Niagara/Content/VectorFields/Assets/TilingCurl16.uasset" 1534
"../../../Engine/Plugins/FX/Niagara/Content/VectorFields/Assets/TilingCurl16.uexp" 1535
"../../../Engine/Plugins/FX/Niagara/Content/Functions/FindAngleBetweenVectors.uasset" 1536
"../../../Engine/Plugins/FX/Niagara/Content/Functions/FindAngleBetweenVectors.uexp" 1537
"../../../Engine/Plugins/FX/Niagara/Content/Functions/V2/RemapRange.uasset" 1538
"../../../Engine/Plugins/FX/Niagara/Content/Functions/V2/RemapRange.uexp" 1539
"../../../Engine/Plugins/FX/Niagara/Content/Functions/V2/ConeMask.uasset" 1540
"../../../Engine/Plugins/FX/Niagara/Content/Functions/V2/ConeMask.uexp" 1541
"../../../Engine/Plugins/FX/Niagara/Content/Modules/Update/Forces/V2/CurlNoiseForce.uasset" 1542
"../../../Engine/Plugins/FX/Niagara/Content/Modules/Update/Forces/V2/CurlNoiseForce.uexp" 1543
"../../../Engine/Plugins/FX/Niagara/Content/Modules/Update/Forces/Drag.uasset" 1544
"../../../Engine/Plugins/FX/Niagara/Content/Modules/Update/Forces/Drag.uexp" 1545
"../../../Engine/Plugins/FX/Niagara/Content/Modules/Update/Color/ScaleColor.uasset" 1546
"../../../Engine/Plugins/FX/Niagara/Content/Modules/Update/Color/ScaleColor.uexp" 1547
"../../../Engine/Plugins/FX/Niagara/Content/Functions/System/SystemChangeState.uasset" 1548
"../../../Engine/Plugins/FX/Niagara/Content/Functions/System/SystemChangeState.uexp" 1549
"../../../Engine/Plugins/FX/Niagara/Content/Modules/System/SystemState.uasset" 1550
"../../../Engine/Plugins/FX/Niagara/Content/Modules/System/SystemState.uexp" 1551
"../../../Engine/Plugins/FX/Niagara/Content/Functions/RandomUnitVector.uasset" 1552
"../../../Engine/Plugins/FX/Niagara/Content/Functions/RandomUnitVector.uexp" 1553
"../../../Engine/Plugins/FX/Niagara/Content/Functions/RandomVector.uasset" 1554
"../../../Engine/Plugins/FX/Niagara/Content/Functions/RandomVector.uexp" 1555
"../../../Engine/Plugins/FX/Niagara/Content/Functions/NormalizeDistanceRange.uasset" 1556
"../../../Engine/Plugins/FX/Niagara/Content/Functions/NormalizeDistanceRange.uexp" 1557
"../../../Engine/Plugins/FX/Niagara/Content/Functions/DistanceBasedFalloff.uasset" 1558
"../../../Engine/Plugins/FX/Niagara/Content/Functions/DistanceBasedFalloff.uexp" 1559
"../../../Engine/Plugins/FX/Niagara/Content/Modules/Spawn/Velocity/AddVelocityFromPoint.uasset" 1560
"../../../Engine/Plugins/FX/Niagara/Content/Modules/Spawn/Velocity/AddVelocityFromPoint.uexp" 1561
"../../../Engine/Plugins/FX/Niagara/Content/Modules/Spawn/Velocity/AddVelocity.uasset" 1562
"../../../Engine/Plugins/FX/Niagara/Content/Modules/Spawn/Velocity/AddVelocity.uexp" 1563
"../../../Engine/Plugins/FX/Niagara/Content/Functions/V2/CalculateRandomRange.uasset" 1564
"../../../Engine/Plugins/FX/Niagara/Content/Functions/V2/CalculateRandomRange.uexp" 1565
"../../../Engine/Plugins/FX/Niagara/Content/Functions/V2/CalculateRandomPointInSphere.uasset" 1566
"../../../Engine/Plugins/FX/Niagara/Content/Functions/V2/CalculateRandomPointInSphere.uexp" 1567
"../../../Engine/Plugins/FX/Niagara/Content/Functions/SphericalToCartesianCoordinates.uasset" 1568
"../../../Engine/Plugins/FX/Niagara/Content/Functions/SphericalToCartesianCoordinates.uexp" 1569
"../../../Engine/Plugins/FX/Niagara/Content/Modules/Spawn/Location/V2/SphereLocation.uasset" 1570
"../../../Engine/Plugins/FX/Niagara/Content/Modules/Spawn/Location/V2/SphereLocation.uexp" 1571
"../../../Engine/Plugins/FX/Niagara/Content/Functions/V2/CalculateRandomRangeInteger.uasset" 1572
"../../../Engine/Plugins/FX/Niagara/Content/Functions/V2/CalculateRandomRangeInteger.uexp" 1573
"../../../Engine/Plugins/FX/Niagara/Content/Functions/V2/CalculateRandomBool.uasset" 1574
"../../../Engine/Plugins/FX/Niagara/Content/Functions/V2/CalculateRandomBool.uexp" 1575
"../../../Engine/Plugins/FX/Niagara/Content/Functions/LinearColor/HueShiftLinearColor.uasset" 1576
"../../../Engine/Plugins/FX/Niagara/Content/Functions/LinearColor/HueShiftLinearColor.uexp" 1577
"../../../Engine/Plugins/FX/Niagara/Content/Enums/Ribbons/ENiagara_UnsetDirectSetRandom.uasset" 1578
"../../../Engine/Plugins/FX/Niagara/Content/Enums/Ribbons/ENiagara_UnsetDirectSetRandom.uexp" 1579
"../../../Engine/Plugins/FX/Niagara/Content/Modules/Spawn/Initialization/V2/InitializeParticle.uasset" 1580
"../../../Engine/Plugins/FX/Niagara/Content/Modules/Spawn/Initialization/V2/InitializeParticle.uexp" 1581
"../../../Engine/Plugins/FX/Niagara/Content/Modules/Emitter/SpawnBurst_Instantaneous.uasset" 1582
"../../../Engine/Plugins/FX/Niagara/Content/Modules/Emitter/SpawnBurst_Instantaneous.uexp" 1583
"../../../Engine/Plugins/FX/Niagara/Content/Functions/Emitter/EmitterChangeState.uasset" 1584
"../../../Engine/Plugins/FX/Niagara/Content/Functions/Emitter/EmitterChangeState.uexp" 1585
"../../../Engine/Plugins/FX/Niagara/Content/Enums/ENiagaraExecutionStateManagement.uasset" 1586
"../../../Engine/Plugins/FX/Niagara/Content/Enums/ENiagaraExecutionStateManagement.uexp" 1587
"../../../Engine/Plugins/FX/Niagara/Content/Modules/Emitter/EmitterState.uasset" 1588
"../../../Engine/Plugins/FX/Niagara/Content/Modules/Emitter/EmitterState.uexp" 1589
"../../../Engine/Plugins/FX/Niagara/Content/DynamicInputs/ValueFromCurve/VectorFromCurve.uasset" 1590
"../../../Engine/Plugins/FX/Niagara/Content/DynamicInputs/ValueFromCurve/VectorFromCurve.uexp" 1591
"../../../Engine/Plugins/FX/Niagara/Content/DynamicInputs/ValueFromCurve/Vector2DFromCurve.uasset" 1592
"../../../Engine/Plugins/FX/Niagara/Content/DynamicInputs/ValueFromCurve/Vector2DFromCurve.uexp" 1593
"../../../Engine/Plugins/FX/Niagara/Content/DynamicInputs/ValueFromCurve/FloatFromCurve.uasset" 1594
"../../../Engine/Plugins/FX/Niagara/Content/DynamicInputs/ValueFromCurve/FloatFromCurve.uexp" 1595
"../../../Engine/Plugins/FX/Niagara/Content/DynamicInputs/UniformRange/V2/RandomRangeVector.uasset" 1596
"../../../Engine/Plugins/FX/Niagara/Content/DynamicInputs/UniformRange/V2/RandomRangeVector.uexp" 1597
"../../../Engine/Plugins/FX/Niagara/Content/DynamicInputs/UniformRange/V2/RandomRangeFloat.uasset" 1598
"../../../Engine/Plugins/FX/Niagara/Content/DynamicInputs/UniformRange/V2/RandomRangeFloat.uexp" 1599
"../../../Engine/Plugins/FX/Niagara/Content/Modules/Update/Material/DynamicMaterialParameters.uasset" 1600
"../../../Engine/Plugins/FX/Niagara/Content/Modules/Update/Material/DynamicMaterialParameters.uexp" 1601
"D:/Unreal Projects/TopDownShooter/Content/Mixed_Magic_VFX_Pack/Static_Meshes/SM_4.uasset" 1602
"D:/Unreal Projects/TopDownShooter/Content/Mixed_Magic_VFX_Pack/Static_Meshes/SM_4.uexp" 1603
"D:/Unreal Projects/TopDownShooter/Content/Mixed_Magic_VFX_Pack/Textures/T_Shape_1.uasset" 1604
"D:/Unreal Projects/TopDownShooter/Content/Mixed_Magic_VFX_Pack/Textures/T_Shape_1.uexp" 1605
"D:/Unreal Projects/TopDownShooter/Content/Mixed_Magic_VFX_Pack/Textures/T_Shape_1.ubulk" 1606
"D:/Unreal Projects/TopDownShooter/Content/Mixed_Magic_VFX_Pack/Materials/Main_Materials/M_Colorful.uasset" 1607
"D:/Unreal Projects/TopDownShooter/Content/Mixed_Magic_VFX_Pack/Materials/Main_Materials/M_Colorful.uexp" 1608
"D:/Unreal Projects/TopDownShooter/Content/Mixed_Magic_VFX_Pack/Materials/Instance_Materials/MI_Colorful_Inst_7.uasset" 1609
"D:/Unreal Projects/TopDownShooter/Content/Mixed_Magic_VFX_Pack/Materials/Instance_Materials/MI_Colorful_Inst_7.uexp" 1610
"D:/Unreal Projects/TopDownShooter/Content/Mixed_Magic_VFX_Pack/Textures/T_Shape_5.uasset" 1611
"D:/Unreal Projects/TopDownShooter/Content/Mixed_Magic_VFX_Pack/Textures/T_Shape_5.uexp" 1612
"D:/Unreal Projects/TopDownShooter/Content/Mixed_Magic_VFX_Pack/Textures/T_Shape_5.ubulk" 1613
"D:/Unreal Projects/TopDownShooter/Content/Mixed_Magic_VFX_Pack/Materials/Instance_Materials/MI_Colorful_Inst_2.uasset" 1614
"D:/Unreal Projects/TopDownShooter/Content/Mixed_Magic_VFX_Pack/Materials/Instance_Materials/MI_Colorful_Inst_2.uexp" 1615
"D:/Unreal Projects/TopDownShooter/Content/Mixed_Magic_VFX_Pack/Textures/T_Shape_3.uasset" 1616
"D:/Unreal Projects/TopDownShooter/Content/Mixed_Magic_VFX_Pack/Textures/T_Shape_3.uexp" 1617
"D:/Unreal Projects/TopDownShooter/Content/Mixed_Magic_VFX_Pack/Textures/T_Shape_3.ubulk" 1618
"D:/Unreal Projects/TopDownShooter/Content/Mixed_Magic_VFX_Pack/Materials/Instance_Materials/MI_Colorful_Inst_17.uasset" 1619
"D:/Unreal Projects/TopDownShooter/Content/Mixed_Magic_VFX_Pack/Materials/Instance_Materials/MI_Colorful_Inst_17.uexp" 1620
"D:/Unreal Projects/TopDownShooter/Content/Mixed_Magic_VFX_Pack/Materials/Instance_Materials/MI_Colorful_Inst_15.uasset" 1621
"D:/Unreal Projects/TopDownShooter/Content/Mixed_Magic_VFX_Pack/Materials/Instance_Materials/MI_Colorful_Inst_15.uexp" 1622
"D:/Unreal Projects/TopDownShooter/Content/Mixed_Magic_VFX_Pack/Textures/T_Shape_12.uasset" 1623
"D:/Unreal Projects/TopDownShooter/Content/Mixed_Magic_VFX_Pack/Textures/T_Shape_12.uexp" 1624
"D:/Unreal Projects/TopDownShooter/Content/Mixed_Magic_VFX_Pack/Textures/T_Shape_12.ubulk" 1625
"D:/Unreal Projects/TopDownShooter/Content/Mixed_Magic_VFX_Pack/Materials/Instance_Materials/MI_Colorful_Inst_10.uasset" 1626
"D:/Unreal Projects/TopDownShooter/Content/Mixed_Magic_VFX_Pack/Materials/Instance_Materials/MI_Colorful_Inst_10.uexp" 1627
"D:/Unreal Projects/TopDownShooter/Content/Mixed_Magic_VFX_Pack/VFX/NS_Big_Hammer_Impact.uasset" 1628
"D:/Unreal Projects/TopDownShooter/Content/Mixed_Magic_VFX_Pack/VFX/NS_Big_Hammer_Impact.uexp" 1629
"D:/Unreal Projects/TopDownShooter/Content/Blueprint/Enviroment/Door.uasset" 1630
"D:/Unreal Projects/TopDownShooter/Content/Blueprint/Enviroment/Door.uexp" 1631
"../../../Engine/Content/EngineSky/T_Sky_Stars.uasset" 1632
"../../../Engine/Content/EngineSky/T_Sky_Stars.uexp" 1633
"../../../Engine/Content/EngineSky/T_Sky_Stars.ubulk" 1634
"../../../Engine/Content/EngineSky/T_Sky_Clouds_M.uasset" 1635
"../../../Engine/Content/EngineSky/T_Sky_Clouds_M.uexp" 1636
"../../../Engine/Content/EngineSky/T_Sky_Clouds_M.ubulk" 1637
"../../../Engine/Content/EngineSky/T_Sky_Blue.uasset" 1638
"../../../Engine/Content/EngineSky/T_Sky_Blue.uexp" 1639
"../../../Engine/Content/EngineSky/T_Sky_Blue.ubulk" 1640
"../../../Engine/Content/EngineSky/M_Sky_Panning_Clouds2.uasset" 1641
"../../../Engine/Content/EngineSky/M_Sky_Panning_Clouds2.uexp" 1642
"../../../Engine/Content/EngineSky/SM_SkySphere.uasset" 1643
"../../../Engine/Content/EngineSky/SM_SkySphere.uexp" 1644
"../../../Engine/Content/EngineSky/C_Sky_Zenith_Color.uasset" 1645
"../../../Engine/Content/EngineSky/C_Sky_Zenith_Color.uexp" 1646
"../../../Engine/Content/EngineSky/C_Sky_Horizon_Color.uasset" 1647
"../../../Engine/Content/EngineSky/C_Sky_Horizon_Color.uexp" 1648
"../../../Engine/Content/EngineSky/C_Sky_Cloud_Color.uasset" 1649
"../../../Engine/Content/EngineSky/C_Sky_Cloud_Color.uexp" 1650
"../../../Engine/Content/EngineSky/BP_Sky_Sphere.uasset" 1651
"../../../Engine/Content/EngineSky/BP_Sky_Sphere.uexp" 1652
"D:/Unreal Projects/TopDownShooter/Content/Map/TopDownExampleMap.uexp" 1653
"D:/Unreal Projects/TopDownShooter/Content/Map/TopDownExampleMap.umap" 1654
